Dates,AK,AL,AR,AZ,CA,CO,CT,DC,DE,FL,GA,HI,IA,ID,IL,IN,KS,KY,LA,MA,MD,ME,MI,MN,MO,MS,MT,NC,ND,NE,NH,NJ,NM,NV,NY,OH,OK,OR,PA,PR,RI,SC,SD,TN,TX,UT,VA,VI,VT,WA,WI,WV,WY,avg_USA
2019-01-01,88.70926910092234,55.89700349547057,45.93942677378118,69.96091560784913,77.60153276470615,68.10060069012145,40.95921671605401,84.557858747814,38.11906409042341,78.14311424889296,67.38646131880567,181.1665856876019,58.248757523025674,65.81535987207594,53.844157085110204,55.50466840618497,66.47559507929853,45.2318919898396,51.86334760608798,52.90966846796031,40.90600261488788,53.584759073552675,56.733412518308924,56.48233553935093,48.07390407219098,55.40084257255392,73.93282845066311,48.204145322576025,84.27647163846196,63.668740979901955,54.49524436835415,40.21247344289457,65.99690335011441,73.88782141766876,70.89346063227468,47.44070576865803,55.259406783952564,73.6793659509887,51.0055740129939,54.976511533764146,44.163481493747646,53.148664546880845,65.82761958597166,54.884471263112886,67.599142265931,73.17926711916537,57.153316521682434,76.39681475275569,21.747545242122,70.35446622864465,48.940227744055775,44.70319576923458,60.44247964138996,61.397850896053455
2019-01-07,103.82254781357905,53.5477738605607,47.03691382663043,59.368764865072094,73.1849912634527,63.31100122372643,41.415442491782635,72.15120853848914,33.06719759210532,70.79521053945855,62.66852432106312,162.4205900833744,47.82113917385148,69.39021111465931,52.998557115452634,38.50134235488654,62.75561459664551,38.41481882753136,41.84404249762056,54.64553068305963,40.577506311896514,62.815803036706654,52.12777240365307,61.027745232034604,44.96049273233713,45.26411295058261,69.47803924332976,45.81511672776046,61.7101998166648,44.82780789843729,61.89914354812053,46.56916006180015,50.937979397814395,72.170590011305,72.26613662221936,41.33007209241397,49.28647466741413,63.33622764667662,51.42324344635127,59.364805369266136,43.89377935583615,59.03580145200424,63.43098679887312,48.648248913216456,76.91826145025844,49.69006152755061,48.93167460559072,185.93805618181477,45.4583511706694,61.79354974865854,51.340881759433834,35.350332775559785,72.26702850924427,60.170695589594274
2019-01-14,95.27338955296362,37.669833993439404,41.774463734074786,53.869982827623225,73.4917664380247,66.0746944942139,45.15011413048775,68.44674358693946,31.701233607458988,72.29972561342778,61.83421954288965,120.96571770238495,36.427467841824935,67.1090599519757,48.43767452122515,36.53670551910624,58.21734918205637,37.266864770610574,39.09099151972845,56.400036183921735,38.770155146955226,55.436327221710606,48.9574859134503,65.6450863081694,45.51576547628604,46.45507740036934,52.721146772610425,43.97157188048605,52.249351947825296,44.26876975481741,45.171716324230346,46.183482648610045,46.65143174459181,71.39289018327572,73.00020648223807,36.24087673240168,43.44458494629552,59.04652678471557,49.269862864971415,46.735410925614225,58.67745966980865,42.04965531684748,57.33553014004861,47.35245217222364,76.1726643339022,61.709941273923434,52.00789067120321,83.32586132969699,42.27845843092764,65.95815742228542,54.826709231411904,38.257034434741996,72.68322141954263,54.93963769850122
2019-01-21,95.26336027266936,42.28864346107103,46.461446850049974,65.48270579864189,72.69549530589273,67.13937072907738,43.64921704759125,77.1193832433661,36.068381654306606,79.02144626759497,66.68323542908107,130.56842299105733,37.655572259683396,66.88709211795201,51.104430743774174,36.15583530563492,55.797843897926455,38.629235817529995,39.194808307252956,56.88677127641749,42.7947215639955,61.016395060969636,50.046742040532884,64.63135406029349,48.22825118607234,41.955929332891564,61.96106011088342,44.86505660700193,54.60932197668932,47.55929651650658,44.52792917385995,48.848903759635846,49.28561528243067,74.83361411548408,81.52919229900597,37.80209996567061,41.827818805681595,71.40248330437488,51.7377193958661,50.76383627074522,41.673392203337976,42.43064284187632,70.29076283141136,52.746417258434754,74.668299200821,59.34035664333993,53.61716642354826,172.82340228657813,57.30045938575539,70.44127900204099,53.13625094747992,37.660569317971294,68.52607551375723,59.04971912191538
2019-01-28,103.56152531090612,34.695103308419036,45.98742825917013,85.58053415566218,75.24377664714112,60.96334151866316,39.42765533852707,67.27959539291798,43.36410127543189,81.35562081308566,72.18641126702131,111.75460640612124,39.505109039231634,61.057237104517014,47.02052006810988,39.066181174159844,52.0198282115225,38.19473994563234,36.272641280679906,53.83193357649997,36.01108995505512,64.30263916928664,45.93578135995421,58.69089492194478,43.213770225864906,40.55649597311429,54.757753799415426,42.731619000789884,47.34183889687481,46.475406602309555,51.856632956278496,45.04484762803466,52.67163823158365,72.72690795666392,91.6983222963272,35.16401440651107,44.1049226564776,64.55160641187618,48.44141248936626,38.13593777060697,42.01233276731586,41.584692861182106,56.41757785828773,47.3851807613177,73.14559614357202,56.36443667748353,47.69450265159918,120.7136748460481,40.38031153699684,62.45421901927724,49.26748079720448,30.381066037640657,54.792138221365654,55.384427037378245
2019-02-04,80.88534893003865,35.21690831838346,36.4305228846993,47.7277639791819,62.91012282483828,58.61210623275027,39.56652376182024,59.91824928431983,44.02814211725941,64.88852715757034,56.53010238096662,112.34224331119155,34.403659164189506,47.68361791737405,46.07060415680042,32.51492946826942,47.97671032456185,36.90210852209328,36.389985143994714,48.405519878980506,33.65076436462424,53.310368430854645,45.22638237544764,54.649335743509454,38.711786412575655,41.33522205948148,48.747636421826684,40.7341109920051,47.57396126774592,43.90600241547264,52.88164692369421,39.79463843111596,44.65295160418419,61.55107715699993,62.748847371178314,33.36204084770861,38.13047843119446,55.03874667491563,47.9498735648621,41.899580892102115,34.22871010025496,37.34444330589717,47.89492993088976,44.522059553558684,66.17011310677806,52.24970673651379,45.27858309444377,55.85620170165107,40.592948939579365,55.17883993804143,43.016888977272814,32.3358887271722,55.892619777359926,48.41171852887161
2019-02-11,130.9301347288186,42.016545244579945,39.77777827165466,52.293903253090974,73.30285471925404,63.43176626230417,47.76978779232955,79.3540429646578,40.55632769482817,70.59822270218656,62.36901255941618,126.65308144349248,42.662261173509904,64.32635801781288,53.79417381784885,40.641677923763574,55.91541926696664,41.99722317865046,38.30364129284262,58.757872109716274,39.86820017930231,59.14735242862925,52.0874511156188,58.26172810492231,44.48142921876787,44.36723968600117,61.724076050707424,46.96993689776354,75.18347353723505,46.62085280709329,55.30005646130464,43.959043220859975,52.11931217550954,69.75986051747657,70.36757757779341,38.939755063048096,43.960004836513384,60.82497928700375,51.162876216000406,43.737068186065095,35.25769259992808,42.243936412418535,63.630815665726736,49.67544267106514,76.35243246513183,71.53093809059162,53.61140206963454,140.3564524370941,39.575720878447314,67.07489061573926,53.82356412918044,37.03099418292428,52.38193854721596,57.86491658019693
2019-02-18,104.48775408545832,41.089483674008775,45.494082197276754,49.31932090132404,73.1784560219686,63.49631514663547,42.965217811064576,85.66421336481956,44.591409906117256,70.78444145946436,61.74143691279668,118.76743093947316,41.571318937413736,61.557245689596975,54.046563646608845,41.8474956836265,57.11712841481926,37.80240255209225,37.7760446177446,63.08129399079256,39.12303926443302,63.535872348583275,53.71056707084456,64.09825498048349,48.73009072225248,43.183155647125005,56.2541442147222,47.71913812918569,70.58558323412527,48.19103841590704,54.34829073435151,45.38975680309054,48.99947104910431,68.73234326272036,78.36232696420119,39.677203869758095,45.08401049413239,68.70014896784458,49.80972796473606,33.88709616940003,54.077503489750264,40.849218670030865,63.09565912291131,48.510650201979196,78.52455760625949,71.52609551920551,51.982279753491156,164.99511765481782,53.019050746973114,65.30141417306804,51.63488680449261,40.453135755634044,73.3089055266257,58.901486628025324
2019-02-25,124.47824287547401,42.59793105449435,42.47582392604078,55.629022901844884,71.70074238267216,66.88600579738821,44.766633065442456,74.78226057184666,42.12659154961477,72.64815821688012,61.36898005799071,129.0344907931205,48.959611613053205,63.579184185948534,53.23033963775024,43.02664238397857,58.45770396760154,39.058211475916856,43.203303704671576,56.72883004391778,43.43854870087754,48.187249010403434,64.05625731913732,62.76254948540856,47.825846310889844,44.73737699922875,66.97594827066324,52.75977965838547,65.63671035249543,44.770772859181974,58.76733664112997,48.26477683758209,50.3696960064927,68.52246436375749,70.98657498074115,43.30432936578618,43.165493237567844,65.69243974120751,55.193327739649675,33.74999375671118,42.667061047750934,42.15263332879879,71.12488099209436,52.82145976305892,77.17834903790902,57.54335467761719,55.04866970851357,147.23556017061162,67.57815533948826,72.84859751427602,54.04736055815368,44.000853261924036,65.27176024167713,59.6872618393362
2019-03-04,121.1171803830585,50.775705672389215,41.47806980513585,57.395366046078045,71.0137100640764,64.36052603523835,46.60790607035125,84.07902345984529,39.80990820475632,69.13574300460384,59.583762628534224,115.33253544943793,43.80770771485382,66.17413079929955,50.00835874790494,47.81950327381954,82.27100445833892,44.76983433676874,43.41618457267821,58.35101434719465,42.38163391051033,58.56394362409986,64.34755735892689,64.8601194358994,44.746401645192336,52.56484109227917,60.81048697425814,58.53871953084585,76.8414090257983,58.83538175222057,51.79153689937245,44.73027570581125,53.39521743769136,68.12046039427676,66.54452318834285,46.322182230319136,41.986338220880796,59.21745281797637,53.31810508810311,52.55046024982812,51.35215945643628,46.74354620456931,61.987161722331564,57.35952051865754,78.61231747021841,63.357163134001524,61.04164855642136,266.0056441642456,60.2853109848804,67.93378683810293,50.03546026662661,43.315562539290845,66.28126965358487,63.2468825125729
2019-03-11,131.82513511604606,61.47769289192037,62.36401364273157,68.88150607958194,88.3473173928026,73.2272456156748,56.868069606357004,107.19105719124242,50.504140911302436,86.89074972702845,79.22306879402464,150.37949957639177,67.87532672903923,72.11722609259209,65.88626633208753,68.04557958782682,97.29022761804927,58.34253095053586,48.55923260539685,75.40165332100787,59.55287806337042,101.5058118360198,64.14829535826935,80.8928045811552,66.61513313525793,76.99273217002354,90.56942277942713,67.78042508826046,83.7350742021178,67.40657322753593,58.44078204470439,66.01138223040662,71.08350001571908,89.26881052717398,85.65119469267407,58.176227750614174,66.34333809612916,76.44240662882822,65.4660618785769,51.02980696041386,71.49436138562018,57.96034828069907,71.06470481538473,70.69993288100102,116.35745679876915,81.55228138987013,70.18802052364781,158.49830164470237,74.72360604489847,86.61074890576859,67.77694711813514,68.44965121588623,73.5254652678827,77.10777410038837
2019-03-18,105.66041596201497,59.62159507636704,83.47359345145371,64.96813179912047,87.792272050857,80.79812176122695,58.74754812972483,92.55443631754987,40.96211720853743,86.48423615501531,75.82041534707442,152.18329236027574,80.03469611171424,78.92571832455828,67.39536050164519,58.700178392775314,70.95100924847793,46.62143674622346,49.88838829283642,68.23890517602602,61.51107881850051,84.94773282551195,60.896549363119505,79.96367483254484,68.59569858988654,57.901255782592564,88.89421459774549,55.965962555423566,80.05383760614569,66.265022792873,54.819755198843396,59.95806916545782,62.743884746099866,87.53873589992456,85.58251832701215,58.08274926035705,86.48145380179571,88.06443468029953,59.187755569211575,60.29149462929564,67.86108194008538,52.08375497391846,69.20559299440404,64.18609348576325,97.75798594395144,84.70487403013122,61.764322182166865,180.7727319182776,51.119065432045424,81.5132616220325,80.18109495659532,46.446195519128025,91.92711049424524,74.4734134518653
2019-03-25,101.45445226629532,57.04714599752587,53.358382277202566,62.18770244369918,91.39292981483364,87.27367112591368,51.0138889498051,74.06738232212071,46.40492545490018,80.18465888935437,70.50687812738435,153.37077303920154,46.61142226701456,74.77790989677597,66.27298166190651,71.2562328852764,70.50428640201791,52.95201253525649,45.25638794735524,62.04545341289362,54.40929800248457,66.58520591464662,67.99462183575889,75.32814228836241,59.02107424810421,54.3889347079177,78.84965762806536,53.91830242459967,66.05982228433713,53.75153991372267,53.96785863079938,52.73107245386141,58.065640747287866,86.62152716370707,79.70082130338297,53.290694966610204,57.169345241150275,92.19933126572914,60.20143957160802,38.58647431049205,53.398083723858,49.76121916881933,69.56456524018466,59.84844573289092,90.08749917528452,68.44537848385933,63.357485961931,242.4087340815297,51.133242550090635,82.18732548549154,72.55413398161373,49.3306088803434,77.26377066172078,70.00227878767882
2019-04-01,120.88051823876788,54.49509237881362,55.41952658309456,63.56146471947078,92.32909604074558,79.1182898711728,61.80122549663614,79.1316341139751,57.328925433519494,81.04926720005925,75.68854018293791,143.62147191749912,50.05799730833518,75.34667305018561,56.023120072590636,58.83376637514166,67.98002582494249,59.04043959886365,44.163243417082654,65.61035917910314,46.749447735163486,62.1971588791745,73.12546636756028,76.55874517553569,52.7844506289135,48.432801358900996,78.00442331959592,55.391567746752216,66.5021383083744,55.071722835674,50.769081804620676,49.904266677376654,63.24141827007861,90.48773517231399,76.26659854190288,45.575307745491756,50.322586480321846,86.45632622958016,56.4551095986197,53.90795545954217,47.51366106260888,52.587415598091106,68.62382730875701,57.15168991026943,87.94360569063555,80.15899263966513,64.83089374153988,157.51791341752443,64.90971493593545,82.82092651594384,59.151249344376346,42.56166050135156,96.80275547415864,68.72187342413751
2019-04-08,115.7829766523473,50.867202898278904,50.187919158521424,63.740604392172116,92.02795251911188,79.62838780360978,56.09200594564378,80.05443991158107,48.85939952416914,82.14166053696755,68.3506837214365,141.05359868890204,47.662928517658,70.7937090465507,58.94961001229404,49.881733473851355,68.5369677535143,44.38207486849519,53.90348589974891,72.80529516458245,50.403407402177656,83.77321523504447,62.57241524910732,66.1833092879884,58.71876778385724,49.2140476503456,63.432569243269455,55.709152875800704,58.52043166116952,56.424805528056844,50.87855859091749,54.81020418102747,60.457212145424926,95.995056315838,82.0394875314577,47.60165089513768,53.11131677708286,80.14691572995912,56.015870845762144,63.3477456216848,54.73523902515564,57.550568825371705,62.6804148146914,62.115586043950955,86.2883905381998,67.09917271539979,63.808190067045864,118.34054589009588,75.61441736784158,89.56169465102283,59.298263501656926,53.13845850703538,64.51337017371051,67.16609602191932
2019-04-15,115.4362750577388,48.43106227093194,44.63295460615803,60.973515845665816,88.57990140035758,72.34602366829182,48.596860887632616,91.07255558325348,46.33957619783095,79.01543506521071,67.27420102500571,167.14108618710563,48.72286239082846,73.01258526732047,62.2794762147171,44.29352519124966,66.41086315697797,42.68454857542199,54.34143532401556,67.24772090500258,46.85866819914831,60.842945489284794,56.67563402388252,62.144742526178796,51.64343297287459,48.92089157429572,78.0431695565397,59.474561782980004,74.03680140362901,57.19461320281232,50.57197674690858,53.17214872721261,63.445776387614714,92.71620668477286,80.60531906608949,46.73502279645047,51.656946596887686,75.21782561786422,56.09327417448959,51.59318884878415,55.61769178719327,55.62506308273277,71.48590561031634,59.13220293655591,92.47166432041107,75.16825255102167,61.296927747710974,212.64329338286686,63.58495274270852,76.61568744739533,63.07050485959214,51.23662551554246,74.41701522830353,68.2800263851277
2019-04-22,146.9316073537033,40.717301515131204,52.43191264127724,62.888513313569355,84.07551118510554,73.94773291963865,44.70375081286809,75.31505009485268,46.23448245530662,83.69480239409873,67.74898536594131,176.63430718355926,49.70692441810761,70.61437947951332,58.069324873752834,43.34120095293937,64.57526512448979,41.77033879804981,53.321762730956294,56.232156066287004,54.4157184200169,57.4910944953187,58.120170048160716,59.47999223128512,49.11445029897657,53.60317782293581,58.442669397282295,55.048859259151726,59.39648614972807,50.369124060454,60.70786808590057,63.74261027407839,65.677458983779,87.88493427721943,84.842825766408,47.58155075805419,49.93372295976774,72.27096379915312,56.558468888708965,60.5634182233593,41.42940459689755,48.14739992304871,75.7676972441563,57.006488609733374,86.1221670370119,74.64093314220808,56.425688761492204,213.64522078666138,72.91125822738809,79.55082218737584,63.53257246555642,44.79721692914691,72.30330141794714,67.63171783410398
2019-04-29,134.17730134612188,50.88289355624123,47.30524238091653,64.83031028595671,84.7578374268693,77.4721189906697,47.406159263052395,76.84409255395941,44.32950285414867,83.52067145809174,64.94725705962236,168.86935762989432,45.974701876246264,66.93700855297385,58.0212928689996,47.20919800916082,66.31705638596928,38.875725801293676,46.28594767839588,65.2896134436634,48.21907404118553,74.38226903390729,58.69358931234149,65.28517372919326,50.4729442599399,51.89781051789448,74.20782644433363,50.96712885993175,66.38825508204161,53.96142688262147,46.709460383897934,52.896273522797394,55.35242894584473,96.38000885873565,80.96811527528668,44.76708196362985,45.34505369340042,69.87066140544597,56.298007339828,48.062087498887756,50.3847538353755,46.4923805733724,77.22057007929679,59.56146546895288,83.5280023031857,69.63171479267606,57.708539677074405,146.31356839516218,72.03746216479622,82.12273667101906,58.62806605795371,48.73181694412061,65.4321006973361,65.83341781384364
2019-05-06,106.41852482456791,52.11256833417371,58.08015868662716,72.22222765377629,90.8273770506894,79.20722562014836,44.06953509128214,81.96243963444236,63.604097894166316,85.93482049615274,73.6183268799077,180.8848159527524,51.88581776691474,85.90355576761196,58.37033458748585,50.72010230293036,62.17043656420784,47.44789346965634,49.61320981466867,64.22478214283397,49.668931965744235,50.97543922822232,60.128412093704824,67.82442695056476,52.423737064342355,55.51936428567375,75.46159530860082,57.91511133519599,58.94987067027713,56.922928338898366,65.22429160767864,52.94370177662719,65.0168574892838,91.19773457736014,79.06132504467062,48.13359271134993,56.29777124258214,77.58246060979407,59.780670616806276,53.64631932797649,45.627958291018274,48.506999915911216,76.41803840883921,64.43749018975417,86.98456234772293,84.23918759655847,62.27407445569804,209.8316849902965,81.99723974702408,85.26671690984959,53.322662087526616,48.710708238175705,67.33401001458235,69.97932313157185
2019-05-13,127.85427638331385,52.74362536447453,55.740904819550934,72.3859844621065,90.26522703993568,89.83072563683672,48.48229919729353,81.42688484570344,45.23239519034978,87.47557490991035,72.76830461276408,169.55644695697657,53.52777469055914,69.5405594621704,61.275152274126256,54.20791472040371,71.02794261808751,51.036546444935844,56.736275728731925,63.479784375626366,50.992039896785094,49.45927760925943,62.51895408940361,62.037611243405344,54.767628850852134,57.036690023566344,80.8411712758924,56.31863453711459,69.6361274529133,63.95770008948392,46.282516103682205,52.59928106542735,69.95858772925719,90.07582215394972,77.47264396751784,48.56619154040398,54.92571837542953,76.42330354902099,62.078774206513145,55.88106898145937,63.216439755477865,52.34583489108324,72.5995413868455,62.85612992109352,78.18336569586006,88.9691283619005,66.9797134823675,210.81992398554908,55.902104740991255,85.87317618103495,54.23529952015599,49.727517803360655,77.30550792397183,70.47996275707331
2019-05-20,112.09910849920479,53.446864943688496,63.298524587491045,74.06167756308868,91.45132841082943,89.20150949755012,53.770788578918136,83.35123599591267,48.70876801050539,87.06624189168224,74.15569104059881,175.8825180246035,53.26650348809142,75.56857945041223,65.21705074269565,49.80786667744373,78.81071704411352,51.96372054368052,58.61459922127053,68.13461804761509,55.315672318530595,62.53917625310388,62.31924850864522,71.95195115821076,61.34886203562477,56.944188864428796,66.64043318201449,58.13430969090531,64.18927167427363,65.55531937715492,57.65328689229916,52.3326855240901,74.11468795060253,90.7120991267486,83.05654172951779,51.19935575376878,59.49254965065366,73.48484738040793,63.92270002040015,45.92891265996466,62.12906058364789,52.19639509310172,75.36134978242822,67.27052514527551,92.58996687883041,86.86799775985054,66.06628925789738,139.16261150010854,65.71544390585257,86.03447369044348,61.42117462698367,59.00451822154375,82.02404053372679,71.33128035831005
2019-05-27,144.94256809863148,56.29932485706289,62.641350969205504,73.53934103409405,89.54980011471052,84.51933936747454,46.91727784702418,94.52306229389609,36.84491653262572,86.63911097018557,79.40221784530411,185.64265958995625,53.18054681676251,85.29292140353019,62.03694420721443,54.63635787975344,79.59751775672541,47.29456387325103,58.691095563542774,65.85963144635018,52.86610941203303,70.04437394871886,61.294485336196644,75.09118252875125,61.77832614511569,58.87325562018928,75.93215887991632,58.741522316808826,70.16102277629324,60.86437073896779,54.25819730182091,49.551300929665715,69.42847468594346,88.42351650492037,79.97321500349473,51.71199460878779,63.2424109099137,76.61492194251211,59.991731907241146,39.817047837348206,51.24220053747512,49.04282305875534,71.22661387586486,67.71528384169164,93.23494190883186,84.17206305670716,65.79944077171953,175.99600893236698,50.73402422563004,82.5244794706093,61.8385952937326,47.195662266242536,64.10604511401675,71.5384594368978
2019-06-03,123.31951369346235,50.28292991196063,57.493465372913505,75.92477856927735,89.94274903107788,84.78676183149291,49.477794037966405,78.37648236043886,43.582608542238475,85.5455329992967,77.73445905221946,167.01423905815588,58.61445227170636,74.58809806357989,59.46817317434157,51.36364686613066,75.79454721667891,49.14136178032548,53.233122087737705,60.60276975839919,50.08579593981729,72.82050847241744,56.562250512225816,68.80539136546946,61.47587389322033,55.54042824102204,67.55017034303339,55.18296431678709,73.75052425776317,63.58440308690693,55.35963930582453,53.23630919604079,70.77763535576355,93.08911520162106,76.5595847802188,52.21130623960433,63.34386909194949,66.91312590880878,60.40355855217632,53.976110772147464,48.5414256555309,51.57837789175836,79.50979053124696,62.95635147120424,90.3804859444446,78.40315081171146,61.936371588555296,122.0974708360403,67.68097040483848,76.53353037732123,57.90359055724196,56.127624602563756,81.37012813474384,69.29311923244187
2019-06-10,138.4125140123667,56.38288547263389,57.489555567839844,73.33379563221202,90.94456284965824,82.45188530596111,59.02507018339245,79.1338528419152,43.195834690301545,91.09974939929589,77.6069122825707,158.8503688610763,57.054928340079975,86.52202222900206,62.53893249741243,58.51256691734149,79.39981693385056,51.23075019672653,54.44054177463902,63.935027838011464,52.31625333223938,62.06780601920842,59.14606188828805,72.81287857222745,62.122241487033996,61.07423076565823,71.84578397082704,61.376305972759006,98.01494831878172,70.765146197992,53.00505273991293,51.235923855619404,68.41104337305443,89.99446749392,77.2170170831894,52.69515344821307,67.62867381701165,84.32914087747666,60.4733474275428,56.09834715593572,47.4853967002115,55.8806313175901,73.06954642818353,66.04740377108017,94.08345791880829,85.85932514142101,67.63426596751776,108.2835201986619,57.5043071998835,84.52112872591394,59.731230475883685,56.55746188796991,74.13292538835891,71.41475469329554
2019-06-17,125.18305436355145,58.815042525000585,57.99834084727493,79.81400515594189,92.98496317477884,87.64420791433105,50.94591066165339,80.94078432770873,50.26328512885333,90.91439934662036,81.68697172800705,169.0051625890799,55.7151513733187,97.57052776752545,60.70141079305487,55.862978800384,71.87778349235322,56.815917843863545,57.14024845328699,63.047907622422464,53.61008578923732,62.39412764651014,60.30861302169729,67.60875216578349,60.00932121670661,56.55920185356283,72.02540382287701,66.09989942999536,62.541002446261814,69.57270285634954,54.080512499379466,49.457917525970466,70.75189510090935,91.62360957798172,73.26025268663055,56.600886494062344,59.864823766944255,85.72919704228875,61.86357855343335,46.86052116260271,47.14576277075089,54.1073544184659,66.30849000345893,64.33279863689717,90.1445390950413,94.83421204076645,62.04596190200977,199.25978646251218,66.39736371404726,79.45293053995493,68.24988523370097,54.44847103146396,85.32832025139687,72.78879688054079
2019-06-24,128.14987458160624,57.685601356489094,64.13407303177272,76.14417234931264,91.9512404103053,81.66837676525525,49.03039769211174,86.06817912372145,47.77664008464481,87.04397479977223,79.5071783353159,161.45312436117513,53.75941089703385,81.4037284633893,62.68185199415355,54.794999585286845,77.78256615363479,57.660693816295385,57.91140490701574,61.738858589965936,55.230070381261385,65.32469945815976,63.06103577458354,68.89253894720238,63.15131366236024,64.43368320661602,82.55436543275121,61.823142842279346,85.67295318927522,70.6260982213392,62.35129819617959,53.528023556757354,66.1667189108754,89.45208844698128,73.47148843982998,52.00146903848493,59.71607541549146,85.5077060362348,62.564473265222226,58.394617134369135,56.819174599922455,56.51323595343099,78.67434843005844,71.79077258848851,96.0181984008259,86.33270808273535,61.58076489958286,115.31398030465448,67.01217791950288,81.48455684164087,60.64228287863262,57.414487437661826,82.01616020400681,72.33741613954068
2019-07-01,122.61877779521663,55.64239649480407,64.74359808513779,78.93604987580267,84.58924246001405,82.9095309451957,47.07442241509746,87.26729202136428,44.00503578609208,84.31113608546211,77.29441497089488,162.57679175101802,58.7382579769297,81.41417392053269,61.12898028595738,60.777106877115315,73.58004006135556,61.24515937390213,54.1886299939029,64.26653984499089,52.6650606163554,43.289887609345655,65.7349640033375,65.48527155375473,64.33227145326529,61.45492819553502,67.16004944337739,63.08587026879287,69.04551267136667,65.05027689871176,54.948974023171644,55.4261821926538,65.20009436824515,86.40860674202415,71.5226167969483,53.86554310677002,69.3091858248971,65.1315110161928,58.69802870529994,52.711835072500975,41.49219546160712,56.95362966823402,78.11246236271866,70.58960098009007,96.43041377932735,75.65896600953343,65.78159265072064,117.56632047259019,64.34696473460015,82.64175552475574,61.701511041320884,56.25992291725775,78.16399736659349,69.87799208589966
2019-07-08,119.43975008918413,55.67592071198286,60.14054688549359,77.12309607122477,88.1099563133295,86.11937787350563,48.63838804818228,82.04770567177127,58.047059550083524,86.32866899699799,72.09970356572886,159.12738922533057,57.063126220995606,79.4245824497342,60.65054775798161,56.085236947567466,78.20119769027555,60.339883437031816,51.75372233137651,59.69792749737289,57.251013933797815,56.97858673310694,62.8339585071116,73.46500562970938,58.94202874817986,52.05473946834882,79.07442281361502,65.47653692654612,92.04717998407982,64.8043327209389,44.460786254666345,59.19916848452321,74.50009674389145,93.78953382518546,76.22127249312348,55.759804646696914,67.18997183311373,75.85451101884668,63.070657717703476,59.74044404621708,47.373667123748426,54.358540921324035,72.5137333770218,70.52213024193799,98.67131266305329,83.34724253965406,68.00099804510448,122.91503442780404,70.50600876458347,79.97343044591689,60.11607354807519,59.727979373592824,88.69896650523863,71.80288599701149
2019-07-15,128.9642143921538,55.16266401516732,53.146557750847094,75.77603558753424,86.60091565032292,77.52646901642075,49.43468980471704,78.41296097492871,47.67880609175743,86.37208636879251,74.82172753895246,163.12649633718303,57.85226337758404,85.44440084786117,61.62345180742393,51.16950702281583,76.86424423123474,55.91480913161903,57.27222733043064,65.39227810570664,54.707938391620964,56.959303410539974,63.31104190081603,68.02480549440021,65.66608775167636,60.984247924174156,73.7540747291019,58.838554127494966,74.06543276693942,69.34741925196633,51.85143174184756,55.419233412162164,67.38360050016209,97.38049066407422,75.28718654117233,54.3533667739241,65.4333893361469,77.94737419640312,60.786897194307976,48.65549883236221,53.47357680225707,56.935349346316606,78.81499079622688,70.45874880291592,93.23723892447777,83.92750981344028,67.08635923272816,27.625375111089454,46.31046473584522,84.86218889057382,58.56718016688733,68.53627424835865,89.16665836535067,69.20219048228704
2019-07-22,109.27037671285557,57.66891701844543,64.82285194818364,73.05506349209656,85.95987029274505,78.72528362231313,52.32240895051852,88.70421097453671,47.111538818189146,87.90128272546562,75.9153181203668,129.40480522282823,61.09139290639328,86.88627092904795,63.416800614636145,54.66499280558754,78.09474856502031,55.27425475458681,54.4789138056355,60.288340289900745,55.797268996123506,48.6316544918424,64.37623423861422,67.98232680243883,67.23149893521651,58.21171027384958,85.00987071728338,64.45712213896547,84.60610589875984,69.93565812816499,62.66502518316954,55.27955200334721,69.90069134099413,89.33920889851322,77.11488854492325,53.830291224633406,64.19052780484532,79.34605142010228,59.68831362675128,53.37325264338213,50.651594333848635,54.740522903462,69.70822008202074,64.62803839891507,78.01869180213977,73.43334960705245,67.62245434528498,128.97177408945655,57.25087140593958,85.70776557927064,60.032188299055996,60.89686080061706,74.3925750923826,70.22792080416451
2019-07-29,137.22944034667873,53.940092745527906,59.97652261236083,64.22797933278083,90.33173629164853,80.58211475421297,51.58649360931778,85.76107220924767,49.39148090285841,82.54318711888234,73.0872141021439,164.99600292256233,59.44780947131133,78.17964235106953,63.313309738304774,51.74392327315054,78.18181790530211,53.946916155572644,55.105724232447365,56.823172225676544,54.524730430928706,53.31885005135258,60.83456840308131,66.2192098004306,65.82504063485014,56.645973271375354,64.56803379588847,59.002111996764,86.47199408026381,62.53265690020011,60.722446605669354,54.91438637112017,68.15064271697506,89.57193954218712,74.90765729512258,49.536291390115395,62.53965249899853,83.20789747830162,61.28415874962892,53.150894766277005,48.960470415906364,58.23248844714917,85.4109329601537,62.23992081324646,75.6628137878663,74.90325593429554,65.41873053853753,125.44230439653164,47.815636919944446,84.07116981656783,57.78503159379815,56.05386121005583,77.01600046626339,69.76108313926234
2019-08-05,124.0726676283987,49.27980002897125,56.64831380318954,68.41701194458747,88.48112212987726,79.796557019629,50.15242922125458,91.0394148562706,47.26998778735572,82.84460423282914,68.58850761714858,156.54491395387194,54.552429981794404,88.9329785284635,59.85666601920451,53.42632037055229,72.84442818093241,49.02117827234642,55.519539393070275,60.6991617545015,52.72553743665435,56.65664701086522,61.74567630401445,65.24065622348206,67.19679880892174,49.645264977227036,78.59000419142673,64.59919793808507,73.09367931431588,61.91458830765277,63.17445881503525,55.11645443109415,67.56123965159146,92.17323037209793,74.79854022888968,47.798504895840644,61.42976733936117,81.30982063341997,63.75643438043687,50.12607268650372,48.455994904831456,56.180439419171464,73.59762885130614,60.1828265236461,72.90853231776353,74.78936376330905,66.53297744759578,160.06680300095968,70.00689673779385,83.21113521189683,56.69098948031847,55.501044208400316,67.58639918389113,69.66701203249148
2019-08-12,121.54148753729805,46.12016482496258,52.62407584399303,69.50293556060794,86.16210117811573,76.35863885570555,55.37386465347991,89.10102873577732,43.722228979259064,82.02365397206407,70.01922575385862,161.64479950954856,47.14224337168781,97.13966377990995,59.34763545598708,46.24256884982951,65.47098542307636,44.374378786641294,49.769579070785035,64.32634566686339,57.115277428499105,61.49817284532326,60.81001643575564,61.882451556050604,56.396452282443505,51.17466465384846,61.043093621889454,59.38989526026153,67.90328681293202,58.58222480081855,63.63460618118813,58.52180209500211,53.970003564479676,82.35293021975427,77.97254776242643,49.79405880286657,51.77923627864993,75.54591721249794,63.954571041219495,45.5188238848749,60.055981444988966,51.32880724959517,80.10982883693521,58.61349937614818,72.12022436319776,67.93049714691227,65.15213323254599,108.94931999775356,68.4161710208461,79.10990283407459,63.73552512274311,49.226366820891826,76.06086559892421,66.93692003010922
2019-08-19,91.5456014865748,44.86854626363388,43.428663911475105,66.16273973361905,83.30209540007844,73.20759134129159,52.586282365465784,91.64134665242709,39.931857506556284,79.57955325129707,63.51064174294272,163.60514552805074,47.8677037858122,82.66085588144489,57.97754944001903,41.47019408869832,63.54283332475675,39.731196243826034,45.161752937201655,63.4578964731552,55.40030006809412,62.241742348774956,62.94664338647255,64.76826779378727,49.457531502423926,48.55670758403346,67.63068730426613,52.780187501022,65.59295177594302,54.7641359995384,62.03743302215161,59.681964850436074,57.45228079937125,81.45447349770424,79.97056016550718,44.12547546417985,44.66350412749843,80.7283560220243,58.93619658288561,28.83842283029163,46.38220647595953,46.59289259243146,64.75738058482024,54.18797523535269,65.76882963595794,69.24137250706646,61.02699730625647,202.51206407188468,61.09914697548501,81.87507181001033,58.157847534892845,44.898701550508,88.64139263734384,65.32848582835288
2019-08-26,92.09559099681304,52.22108303323888,48.61985271998232,63.067887774768856,82.50357517093092,73.38961096378243,50.924658440760545,79.45107889706108,41.5344204245236,79.53610575772231,65.10520986634175,152.82110347674458,44.87014390421452,83.42027263894707,58.23967377438405,44.37406094700729,60.134548794062795,40.387677945625185,42.158893555537,62.51942496503725,47.60651188782864,66.58963876056814,56.32344189325472,60.32692958156967,54.13351244366189,49.35597218550947,84.65596535419125,50.12593464346777,69.82218253687506,52.735295335478504,50.13905937760947,62.89538609841592,57.97427313213623,86.56887453051455,74.43081592688392,43.25781304578806,54.81355445947978,80.7347788585985,51.824808209104106,41.754450827668464,47.60008906085418,51.69969815451884,70.2997177008451,58.580373656116095,63.39731404776351,70.53640284020841,57.83559435686075,164.15934178827558,71.75467311893145,82.27732499765786,61.11072365534356,38.63629612501586,64.67177725189642,64.4528943375543
2019-09-02,113.95158815313742,44.62363543543229,55.073719289857394,63.325202307743346,81.21092642393637,70.72536874687451,39.35222014486914,77.77233002258491,53.276429561061924,77.04517004506033,65.8650281718123,144.46854619530814,42.42327146637683,63.56899269838997,54.32193987879876,42.31478819967506,63.31434298156143,41.399081040969854,46.08147239447352,57.404506039221324,42.682268665059105,48.621116592322934,52.38405375385687,59.70791064817603,52.75593156999239,50.342417980072575,74.55489573765922,48.48525350079747,70.4765787627818,50.99532928987893,53.7258555499795,49.780984242470595,56.4872828049251,86.72026654928436,67.93109677810153,41.91264844154667,54.2664790487075,87.00746060324582,52.184390964884635,49.534271964835995,42.906106929489475,44.79288363539268,69.16535199727485,57.81660007472291,62.318365931867596,70.57975274973566,58.07364445006895,222.69182371355976,66.49829178674358,79.36877016915244,50.77942823345708,55.535045525813544,75.98959900079892,64.23756069516607
2019-09-09,94.43336449805015,47.68269016853334,44.68092076700383,69.10233857802179,85.59131335664331,74.15468594187627,41.82317597772784,74.9147511447205,46.780574665303604,82.02059297398439,65.31826744027636,172.82831997193432,41.618625349649314,72.49289558172032,54.54825315753647,39.138274936238496,65.73406946450169,43.23039585397339,46.53183109956891,50.95098559612809,43.9858427032766,61.06041702481834,54.540648061202276,63.01631412791809,50.033363315306694,41.44045062778242,78.07424609570332,50.82614508142928,49.9811217876614,48.747587090638675,69.46464802152879,53.047312633853295,59.71747281444532,87.1564349037623,67.18694394928427,40.17394356990375,54.60918890970002,80.6132645740486,52.36269583057558,37.64510141836062,26.19344789113821,42.0062746541625,59.40069791627247,58.19037058000318,63.469483580464896,68.93641284801501,54.17441458704624,61.9481869969285,42.82172914086981,81.59519505650773,57.65046296579688,45.6426727075132,75.21547835706636,60.27366596879957
2019-09-16,98.92679716247065,42.36007549250874,56.38078571384067,62.64691227561897,79.50868485040553,72.69485502348618,45.59946669847196,66.88683630383318,43.75644935538842,79.01666371252924,63.0413878076876,130.18184554687278,43.472435105688035,70.11351952027448,54.74735245596831,42.42558511939157,57.21695875015826,42.919942803747006,47.020374375016225,51.48641674246463,44.469223960135004,75.09863510351059,54.147512214010746,62.11406452318988,49.326755809812205,44.19109313394424,61.92884042955547,52.6424483708897,44.866353391223285,53.374631867128684,51.500871788761465,48.31072312952735,55.68634495466581,81.33717184250702,69.70850900428621,41.395240817486744,57.5761286245931,76.19408154753823,52.016425677357155,35.03123954740884,50.795120513634046,46.0047392320369,65.2994842965273,56.32378925649855,59.146920724592654,69.89010218310727,55.27257200221109,72.84636743997658,57.36253868584497,83.43323457405673,59.097766321182796,43.861707576672686,61.742948713664674,59.29050815232756
2019-09-23,94.08464804490524,43.953862514575185,47.9096580871511,62.12312101850354,80.94419592819592,79.14919343875509,46.393737020085325,73.99700792210959,46.280429467613175,81.11543614433968,62.82457997482337,149.42081251759038,42.0738869543869,67.82837683652308,51.92999300967251,44.22998781280715,62.07390502831035,43.037219810639726,46.05279646952915,61.330015148308284,45.54853490378842,71.5470393081445,52.50743275017325,64.1884324104372,51.05927361402529,47.07520375543847,62.35289436338661,48.57913573391,69.14005648656743,50.41112811287578,56.48959556628087,47.9387131880521,59.125985185016354,83.25712392091431,68.54221195203401,43.634390540289935,47.42237731040397,76.3473025112047,52.74802985687901,31.459339796936856,47.85811409547424,46.462361494886245,70.48712667825413,57.233921398307906,63.39247369951582,70.12393873469277,55.30680676846514,93.31400302877131,38.84260907610627,83.01501160774953,55.24755934876669,39.397488545781826,59.19995442681451,60.302045911682455
2019-09-30,110.10908432357522,44.11669017157065,48.52299637588286,65.42255632677241,80.03795408446732,74.277527279181,41.374422356354316,74.98177027821859,53.349533717978545,78.76914033858716,62.42224764236125,161.79062230658727,44.11013989310358,77.70496910656121,55.20139615738165,46.89520885751402,59.14137122298878,49.635351676834574,41.94912922410477,58.92909766859399,42.71675519152238,65.58801279212642,51.99329360582694,68.94959489574285,50.73868545695762,47.11395324997156,67.12835339703733,54.04615475267208,64.31482154429789,48.281391034297,50.4487122862955,50.497675182411136,57.99928712229973,79.56668870557681,66.7639033897359,40.97853801559766,48.99893269038586,73.76184467936612,52.07943364757449,48.314240452201474,42.94391848806988,46.50678578688304,65.26149209007046,60.43595179533086,63.08516363541857,71.38096233924881,58.06668994830982,132.05938010302924,64.32791439283068,82.45570410768616,56.57104042468001,37.996388891795156,73.60903672209241,62.523054902376614
2019-10-07,107.3728646789416,51.10586879001339,44.91162461074213,69.03582974742268,76.70725717016498,80.2352371098774,46.67987914819272,71.85570001183045,39.5006648346223,76.31386838854306,62.156165967308205,153.7168949853695,45.35219897462342,63.210110673559825,55.78675670231201,50.06714782566884,58.259353404573105,52.250511647226496,43.24100882277625,57.76403935889226,45.07746392460664,57.56449853272791,54.55714048421203,59.23279134289702,52.11434407036877,49.2435387393925,76.07309925988967,52.41122700408904,64.99851497006429,53.78787484725261,57.804484679800396,46.48157854041372,58.278241907380064,82.88597360107431,67.4563370411239,42.51963109238997,55.11625518167225,72.7371285357941,55.21104124607524,40.002133009301254,55.63512378645855,50.169716138254785,68.64162403266066,64.97320933000165,63.515247080571385,67.62970003767542,57.27213198900426,103.01807568114128,44.76891202034415,77.20969301269041,55.84233742273125,48.55899549890437,65.5164569098853,61.73259441138697
2019-10-14,113.68955239749864,46.89727387928965,49.264723248113825,65.03334388944138,79.07045870483844,81.2627585540662,44.96062428445811,72.85320926057958,48.171016099658615,80.93154321872791,64.03966539211457,147.76006252963708,44.51930230881773,83.7009432889688,56.97700186188989,51.46784404049304,58.01105163393319,47.88824340630832,51.17412226104274,62.61671409055736,46.38328699056615,61.8748950305406,56.27978709536333,69.57418132641895,56.9640135524721,44.19422382044444,74.62744698169351,57.11025041710871,69.50863894905089,56.31158900875757,53.98370732527655,49.52200539633682,61.718879365382136,78.34005793380025,71.4125158933247,42.20555228193066,53.88200237728582,73.8064505190357,54.000151974308,44.27471389488248,42.30288096192453,48.771964400018355,66.3273434185003,60.86577720721325,64.23846004405965,78.80615561374333,58.89231231610886,150.27421360895505,75.09886794177312,79.8464541192933,51.232078224199974,45.88799820668112,69.1053933046382,64.48893780851931
2019-10-21,115.20881884495806,43.26928482862732,47.82267080974342,64.10634197064728,77.41893851880474,73.52639975377515,46.2053365061636,82.91429359201733,39.69910896155967,80.21751352800023,62.06708758624725,148.77604126271285,46.65619508707467,74.84578520275934,53.08548742752496,47.746743478049886,63.09812384247795,40.625147043448585,42.84159427979517,57.27218185821242,48.50412322658404,69.45672794953171,54.532968096481525,66.04058654909767,50.547279410138216,49.93539555631381,65.57509064266945,50.64339583259179,75.73320269808713,54.94830116137235,55.16953623472222,46.605065035486184,57.47478190739293,84.61076495231931,68.83457438796111,42.610791451854304,49.8773728690471,72.04383740473314,56.918894398312595,43.086511091506914,46.99472142252798,46.75164521555545,62.620161550211755,53.784279451742755,61.89232762413523,68.56472794946737,57.3425162583315,53.376667767098645,79.47527575868534,77.58557625559358,57.64934412371485,46.42538287988029,65.32155208841586,61.2893674261163
2019-10-28,119.17011481985924,46.4906194760631,48.04609446082052,54.16080327623202,74.79245089543456,61.854133693455935,46.70509902782714,69.16783529826243,42.588904927714,76.91199571576296,61.19237031068574,149.13105421440778,47.03566612344761,79.95547165972637,52.39954753486906,39.42473118201464,55.36927235988183,46.73877943013576,40.83226908720864,58.10814758297478,44.38296954574979,68.75369853657699,52.69276741535411,64.86710902363615,49.57607589698368,44.44149288810755,58.483292928841045,49.32377365322843,66.85871732657273,46.00461759226014,52.804260037442525,49.72963531589068,54.22721959941103,80.22372547064529,64.56323984328435,42.078635723351326,47.30568240926813,66.04047682671035,53.69103908844777,39.98815832642142,49.0494539566572,44.789140671965306,59.287601668019974,51.41266657785557,61.17540475662828,61.75271759901091,51.90307229144759,58.15442288393169,52.542787782730684,77.147925926389,60.789387891393076,45.532236701227475,71.81420271108409,58.70684848949639
2019-11-04,102.37175124051431,42.53172280526624,50.479425490167465,61.83093309132346,76.64170925256089,78.94697772701554,48.04009653729967,78.32635386373117,40.343909518492865,81.29451962825156,62.356073440205705,146.80799105842738,48.63085301257525,84.77527700352105,58.41658008056224,42.631085441464315,63.64683561176322,47.7620004114827,42.54990607314747,60.58508933512485,48.62828997517707,68.12608687035032,52.06320500028932,69.63890042213919,56.539578014805144,47.30140397878232,68.00375547958124,53.48960846118964,56.14749535548716,50.476960032957706,58.69857836640153,54.95537912213647,60.98141409483055,77.92284143709881,70.46123038883644,42.932932874833774,47.26109636138694,68.46032946933228,54.302559751586685,35.80169363585978,47.60275885185929,46.3267847412079,75.44233774223277,55.2233143122294,63.92219717971902,57.86219991645753,61.123184317041954,98.26312115408889,60.31297940304408,92.79358655075741,60.4832294507901,35.08554026501101,76.32802293360038,62.11191861384905
2019-11-11,119.477504016062,44.34982835993066,43.338590027095016,63.44746974311903,76.26880630184063,70.55381668796807,46.980258320966854,74.69228586371307,56.562478693450956,78.76375013977939,61.94399965540308,159.7903399343189,49.019540450560115,70.52296426825295,55.94256099109712,41.422611371753135,64.55966075400796,39.94036591474777,42.7395172332177,60.262824987637046,49.91961709671032,45.614489178944226,53.08176977005556,66.25255446395248,52.627107172124816,46.237013549399116,68.71470821426146,53.1024166282173,71.78674700958258,50.23299508190369,59.35396511292254,51.855558195720995,56.963844439999654,79.25690918052514,71.72656882813841,42.35349737253589,49.06257935412612,69.94251326727402,51.14121174779871,55.00703195818569,55.16771330366653,47.54541859322611,81.85376375956392,54.8042354159807,60.264393467629255,70.0224970330858,56.963520513782704,42.71288164251226,70.93449005800585,78.70549137021645,53.65772351037589,40.21356939875081,68.69684646569374,61.25197765792056
2019-11-18,134.80529145198398,47.38025739408727,49.57500565858783,52.986379020067204,70.71450330475456,75.83997482362366,41.70284056867549,67.57370779888943,43.34753560832777,72.59339185846682,61.11530742934167,121.95389512180098,43.51527034778679,76.6682194550387,54.46483160561708,41.3911646181576,69.59645968774318,39.0467774586477,41.52922195807042,58.59878169838694,43.70646836562664,50.362672513485506,52.24838138956967,62.456969706966454,51.075805290046254,50.215140725022046,51.44477886189607,48.4099365751779,60.89900367511743,54.73074478236949,44.50886580250417,45.96492771543549,58.61058706539976,80.99307570401267,64.90474433481056,37.85661455962045,46.68510030240858,66.29799318617414,52.860596701551096,43.92445072492468,45.16699372434771,45.56456648816364,60.89032798401828,54.730752234394245,63.13193168986486,74.82183673058756,56.67080524943656,123.52823104140137,67.8896361049683,72.84782719965531,55.88133589600236,45.263424445597856,92.98793217235905,60.22511841152777
2019-11-25,113.17706420662786,57.35664064446849,58.622114026052195,67.73886661159072,80.76557447654221,78.08120827097228,41.33677319617103,92.95611513779835,48.9454673372613,82.95656232113859,72.59158683261212,131.9276814514673,60.506620962661216,77.36348361430481,59.625752540582454,49.2513844830539,80.02413907960977,46.77586035334678,54.16814947483821,57.98323937152383,51.82321254299677,52.2843095151295,57.15513532735695,62.384226566260615,53.315891558003905,57.95049280963757,65.02480601469301,59.7802109174102,59.58811805002963,56.11588403712614,68.24678129645554,46.05469214728364,58.29166243514195,89.44092695490444,71.71855967310331,47.20660558478004,62.77771045191867,69.13821448906553,55.88683037346826,53.18649984934578,39.171756787288814,53.18481464824153,61.86573065845668,66.74483295558105,75.38942678781866,75.36559237702309,62.867728078643395,70.19244837336417,61.82194319465991,72.69589680417411,61.15612597399675,65.02017225271199,81.0478542848357,65.20847883327417
2019-12-02,124.10350525596563,49.08784423124193,49.66733775632296,55.902694959911464,75.40321107827083,70.54966312372031,40.75525718074724,74.63712415495203,41.60356148014493,74.77732815858414,59.99414463644818,151.1142820130296,48.23652484565588,65.39246599089171,52.809366400040226,38.3612063920657,53.35363917177413,43.14349416013688,47.80995976032996,57.80446204506215,45.752170675090845,67.75907499204436,53.943352272160816,61.54554385878949,48.57703667963069,53.19735491403868,74.8225485748623,47.34005895844737,58.26326934483277,49.11052136027289,62.95789739592914,49.14805590666541,52.791586429210824,83.39455805046599,68.01613238662166,41.3638812458301,45.772734280708335,65.88785556965689,52.207711588698864,43.67643848326446,40.634590405782426,46.47295700149642,59.66798229171022,54.25187982499074,58.224698716563275,70.89873195881295,54.986540220206614,102.58233686814958,72.7743707455121,73.09521375520521,52.12609955624698,46.267168360206774,63.77967284776926,60.298058458776794
2019-12-09,122.72173230800259,53.240321311361676,51.55570202728016,63.8706200628524,75.98553728410221,78.29069349473872,39.14899078337182,71.01095606624375,45.747686755359105,79.50877367011249,66.00973380673155,147.5691376948539,47.548248963488035,68.58153473606701,56.71625968275341,40.42051650023266,64.75500987281386,43.140144071581844,45.704035706421,50.23627718753706,42.09982749951397,51.601877155668255,55.09627225486637,64.80417253943664,48.91567026097135,51.121287965200594,69.09843257637372,51.1861144170782,65.98738032631725,49.35960042921828,65.07672077234533,46.581312370853006,59.65439751680246,77.2667421475294,65.46118472879344,46.54656419062631,52.65131104156161,77.96942887332136,51.90196664291973,61.083904128277375,47.65560934155841,52.494020295413996,63.494760561195754,56.95667269979777,64.35796703660642,63.16406608350349,55.36709484096149,195.76134026106533,52.505259472136906,76.12788484339097,60.124518911569005,39.57564090061091,71.60780424949688,63.47959847775258
2019-12-16,110.47702168335906,59.09219567119976,54.93284790176057,71.2716336334006,83.70305609018256,86.99259669682414,44.08985543685147,90.18659268559101,55.30416484410478,79.558626419616,69.76268724323664,199.498554494228,51.472169350424565,80.01310152729461,59.90024731775929,46.167761191818855,60.721915277316036,49.886318090898726,51.1179258434765,59.334726481204356,47.419906529730504,44.05088778367133,56.32010909021621,69.04820528203585,51.30158317065586,56.40378459743233,89.65118770291393,56.439181504298276,69.29582507855835,56.52732461398221,47.128288139284926,43.288410922436725,64.40355144937614,83.42854609936734,72.63847382783628,48.37744688048851,58.04894931141202,69.3644384141078,53.45948273335981,47.37173448672372,43.876150198246606,54.67670048042996,72.49851815933249,58.91111175478755,67.92310018614407,79.8510962903756,62.262188638537395,117.11759302558576,51.49917029214293,85.38460931499552,60.08959460174234,55.27311074623598,77.88772165181312,66.69249020450575
2019-12-23,105.93998144537198,57.45001760347265,58.819650874711954,68.27620824652851,86.31136437866473,92.46881958683755,45.77433627742028,103.92053265651455,36.89680416815562,80.86623392609926,66.74054444047991,163.97023784918542,83.04755171685967,83.66242463610627,61.14230292206288,50.95399908434558,75.19116854305017,49.58196829102057,55.11488909982675,62.741717251602964,46.87969769994454,61.582435192705354,60.690004530332956,69.19195124415633,61.39431718066221,60.76779523604471,73.58792421329723,60.31729192503239,70.88802700865371,61.14594377441408,48.12323839770816,43.47158246006527,68.5169398408634,85.9565825353918,75.91957456531296,49.43738096038533,66.21040996316279,75.63351729526987,53.50486188134619,37.37795074424695,50.704117806529474,57.44104125624471,64.57740824771926,73.84983074161916,74.65124637702942,74.39775353698936,68.43304461295196,91.968312322721,47.0247232467426,87.56065874031674,56.58837222543578,69.94342588010001,84.39023134866369,68.32072350925239
2019-12-30,115.82000568437765,58.352654388176695,57.93594074556694,71.02138646648335,84.3807975209412,75.47145898722749,46.74938600871376,101.57583064411452,42.801272911072246,80.86332936122244,69.53344639839668,179.66281295761618,66.17496443663119,73.48347572648701,61.44410229921855,56.79746219487629,75.7365400575254,55.4451680123374,53.73762593446148,64.93982672858732,49.435874560233344,49.359412130215304,60.26237995637994,68.65007662212318,57.3844960290335,66.8578016983742,92.10618859280441,56.434834491861544,76.72531523043233,58.69475061444154,68.4583635505374,49.33038229636807,68.4486255654378,78.19260525798373,73.45057977841013,46.5517751842773,61.183447393604965,83.18434346608753,51.25155518143268,53.84950424636303,44.97690377208811,49.284526871713574,82.39198379004183,66.22977245948586,69.26360626689845,82.75340731873074,65.79615691490963,116.32288843091763,40.1054663303482,81.19837852976322,62.896622810635684,53.6141593414555,76.6602926681927,68.92894273237013
2020-01-06,115.43340754089998,43.071034820372496,48.03637910170885,56.95457140068245,68.81082445227949,72.29618820723572,50.60740364966639,86.58382918455473,41.40199664158208,69.73101003213078,57.61909499203855,158.63909612630474,47.90988902800697,72.22057346749442,52.156709737848104,40.648721548535754,56.32348839592621,37.062268505895354,45.09444442395584,57.68885953234779,40.273866742191785,65.34425748053327,48.75513673782728,65.00053963787424,45.31466272979151,47.170811806167634,68.55490046751041,50.04167131677922,87.93893247165106,60.10353385896961,53.30781908583943,47.88322484516689,44.022498153039066,78.74130983954043,68.64544411557519,43.28937385199578,51.85260040440272,61.63988081352989,54.531279729270544,53.55013800666564,47.82376568754811,47.89059930518876,73.07653337030932,49.044337388106925,62.124917137826365,66.17698696597478,58.52434480300441,133.03100372982755,59.507287453787136,69.65812945343154,61.32684483137631,45.573439583618395,91.59274014548569,61.87929439130705
2020-01-13,103.30837284261592,46.782420488581955,46.52249973109771,58.03555411197563,72.31193842347236,68.0293841355921,43.851243976635295,58.079254150691405,37.44755475175354,71.48095398605733,58.36807682832407,140.1192185486245,44.99728137575426,67.05734264243752,49.89524098145746,38.771390567547606,57.15194924766692,39.435775405821424,43.837236761093386,60.12872825909979,42.34050458236357,62.887223313182275,48.870917459614965,64.27966922921762,45.94631036233957,49.42675709654632,60.248999516770105,48.467028138013184,65.20864832745949,56.02318066260196,44.63953141199554,51.25886896027575,50.07853480770144,76.30265381266811,69.7148735107046,43.546988143816144,48.570395157952746,65.8750365213227,51.752941228357656,52.481317233681615,38.019504046681206,47.62274803545967,57.783587874896725,53.690859501447065,61.048593946368676,65.99201967175304,56.40070628219521,145.89456149179694,48.22981656430945,69.14844327286511,58.1836310364981,38.237541974358784,78.69979435864919,58.914784995286126
2020-01-20,,,,,,,,,,,,,,,,,,,,,,,,,,,,,,,,,,,,,,,,,,,,,,,,,,,,,,
2020-01-27,62.444146339133816,43.58449233382896,38.32991656499666,50.59447285347954,61.63439728192464,56.73094306440002,38.07013480778331,69.93067453396266,38.710556558327276,62.479985159488365,52.849496185853546,117.63067604480986,43.95921019017968,58.04767854437855,47.27256191013303,35.832988012022675,61.3663273993886,36.406226739677614,34.10884834243681,47.06272860010143,42.373546591728385,59.36091736977853,52.61467596589202,58.66396851228394,51.01783744692578,43.37647387366301,61.525480827640536,44.70898862366104,56.40917872904708,52.05126675096214,43.514435605555725,44.7212771643586,39.0845117127643,69.19348419351651,58.621492332541905,39.65742633250219,38.69848666102651,58.01354669753743,47.632092702390565,47.114632962218984,38.42549840260728,39.12714417250914,57.23217202259122,45.74786843127061,53.20574873883989,54.43285531527946,46.39761212437635,172.5154689227414,40.321800864470795,61.0911001183336,55.6399596306804,40.07154824898226,83.15207628036836,53.82567992066704
2020-02-03,81.98161420843654,33.08059189396998,37.35762541707712,41.201097893685954,57.268313733220815,50.880872901826365,36.00063500182711,56.79410376211528,32.02090921551231,58.09982075681192,47.902572928537005,95.39740421833723,36.26081592567038,59.846797486998966,41.737805505513016,32.23512890664517,49.63270014773767,32.98759837902964,31.50594748613996,42.3771627194463,34.32513381232359,52.81292236669674,47.48132556240114,57.15921528212883,43.85431676479513,35.4327539890853,57.46387419782401,37.48440502265692,55.269371406688826,42.04701724479126,38.81271626577174,37.73631920358085,38.48160795009558,65.46048435895493,53.73953568483158,31.329933143218003,38.00301351637568,57.69601601495381,40.332602604269375,40.80158732503432,27.80294546320699,36.08329192953004,58.689358627721575,35.76090935662131,47.83443041164997,48.17833370574377,46.93314905726182,78.38287327364976,35.361804704158246,51.153845127954156,47.92613250274118,24.64026907641335,53.233919210987274,46.269338351936895
2020-02-10,,,,,,,,,,,,,,,,,,,,,,,,,,,,,,,,,,,,,,,,,,,,,,,,,,,,,,
2020-02-17,55.88261730734587,31.38137908973577,34.02191606887965,32.98537243661538,39.99988203769825,35.341189765240124,26.699422672196345,44.66334612582682,26.630483456036483,47.49457038287986,41.845633537463186,79.51061411385524,36.70019541808854,44.044117114913405,33.63714880569032,27.377335789413706,40.548135854610436,22.64780627982964,26.258896339439417,37.36496417813677,25.339164970675373,42.97811457179428,37.93551691551788,44.670252987806855,33.26105220988048,37.94835402241157,52.03587787034537,29.445652567486512,35.65859840738374,37.953516304373615,45.1025070602323,30.22345689435759,31.96642832006444,51.81824653705862,41.027954872292796,27.70437073651687,32.617119394582446,43.579019038563565,32.88691231046652,19.005400694638666,23.804678499068324,28.940074122173552,53.716170750653546,31.656620053991762,42.22961144106189,39.04971774651651,35.39083968695333,3.4199964510271315,68.7178877659282,42.42356549043973,37.64703738382384,35.33604291084003,52.90202512040475,37.61182662043825
2020-02-24,81.56725033685608,44.51554780983903,48.24196790400647,59.648644869233216,72.37405046453688,71.2347573764013,55.14602692142081,90.48399299498415,48.591547104935685,74.30286675988673,61.74049040503457,135.12487542735047,54.85684928611984,58.206869255375004,54.416238445112455,42.715296070878296,66.6158684948372,38.838356515486566,50.984096610406894,63.34172564815462,43.50475315314807,58.906305792924684,63.842348945174905,74.00059633601988,50.609144338739185,48.226726631038254,70.14543719991445,50.810566054952965,66.44128214678028,56.776574563646115,71.61866810750358,52.30825661069069,49.67005432447011,74.67127928241281,72.56764975469905,42.4788944344422,48.383479044997074,66.93595170705953,54.212220201468746,50.088882525527154,48.10390144550392,47.159492951500035,81.6286310979152,54.70488076528007,60.285572693519754,63.364992645717095,56.39224878021643,147.9301248261025,63.68539717595128,79.10216458688866,59.551734722886,41.00477615250024,59.3877942816193,62.29147362230315
2020-03-02,91.21917809891069,45.06114423119566,47.740446698253926,58.12370790995737,67.01077774191002,64.57924746004574,47.46239594518736,71.02568633622445,49.1809208420536,74.5671582619038,57.48558967232735,138.03890470197948,54.06112897081671,62.96349789337368,56.065978173511034,45.04074123196205,58.853757544529024,41.359214129192964,40.58727261075432,55.192617074553425,43.28342666585903,57.740899229038746,62.33590009079227,69.27683741186266,51.41475672918537,47.743652402231895,85.91061876272877,53.68833454166595,72.99667809946598,50.77675972904265,74.51562026710538,50.716611222221324,46.70386558157542,81.42704962475194,62.22541721249386,44.217934480872614,45.171668913428704,71.08307098690302,60.40328163992407,53.27345314929363,44.456576608413535,47.296501138256424,66.78513985167237,52.273524743550006,59.70041473966858,66.31874250145866,59.71584632475485,100.830147819527,78.84658267330651,60.84780369287137,57.496314478146935,38.0923586189493,76.9089787419172,60.75649309814298
2020-03-09,65.06169368130344,46.01648375721822,41.58841142112242,61.453986173608,55.40840188934597,53.08191908521461,36.08395473240185,55.31162157076853,38.939501910802726,66.96502379341419,58.9289297706309,138.31256251932098,56.23987709509055,57.65773945507759,47.53548416090416,45.086667341915465,57.498038137853136,43.797142520886744,37.67157314005825,44.175786611264925,32.97399413363254,51.2614791589704,55.34068623520781,64.62449315163849,46.4087815017251,59.85647871627281,72.5945045490012,48.14558508682311,63.37998903796779,49.16067075247256,46.21250940076453,41.39905452874899,42.74796751574543,71.48647452057995,51.592511795052616,45.112159057140204,45.42228829146631,51.27277210121575,49.846558517435675,50.395552597110004,40.21374821319294,44.742682281840274,83.90574719836877,52.93077913916599,64.93480935805701,55.83019965173728,52.353144420803716,87.07503903341853,47.82178786645117,47.34429525754579,51.58436830165761,48.06217685497028,66.89839370944311,54.5235185038458
2020-03-16,51.909949329516195,36.24672147111827,32.597321114960124,37.79297153769561,42.26192058666128,37.2299317877236,28.42033378883007,35.890624115050265,27.792398839560075,50.28413742792637,43.44833896238344,101.72882179360501,46.68349344251506,54.000993602682406,31.31427355258029,34.12225365285722,36.77163210861063,26.08460607451775,33.28415079471473,33.428207388574585,25.525216730707232,38.93482467280292,33.110653317891654,36.610929716269744,34.8709676587786,38.91953143164229,54.58678620381671,30.974940684408484,36.173333054744774,30.35443510224328,40.486233896306025,25.8902890453959,33.2653458149936,53.51624355627721,40.18263169157421,26.59165214404745,42.24042829739892,40.21797623796481,30.765771196420573,32.22202166275832,32.93112348532618,29.82693086517368,41.59477813767529,37.60744332830421,43.74789425450379,38.606484765395926,31.12514333756066,100.55029927580404,27.965134429064825,36.94069459354022,38.139038049016435,38.842779605854275,60.769644134141856,39.724163806601645
2020-03-23,27.103962876886968,24.662312769856147,23.976045455958772,28.975503375925484,33.45661410309391,25.31836831479195,19.64638530419645,19.719175051183623,18.9967998110633,38.0510806107558,30.673907381216555,83.75761950374655,21.458723760868725,38.98763244194468,20.68299533720178,18.82814881350971,24.29630960298489,19.15472655079452,19.957838435930586,18.67672768021067,19.35657798279271,26.21661082412153,24.213838600750226,25.11112727361448,21.863546394360384,26.687134806493678,38.38259510785078,21.217556319157435,30.561650435948803,25.501038370294772,26.110479379597894,18.12643727709956,30.215356495652923,40.81164523274922,27.371092849008928,16.91254920304151,25.582995013732518,29.720416335685407,21.239859854012686,22.557608335338532,13.31140510281288,21.28699034633944,39.46898281684629,23.613132822206627,31.400982683257972,25.30074092251463,24.09106586441021,30.57777984913161,17.59442930317289,28.64763866988987,26.39045235211688,20.22266812420807,51.58434317480254,26.936445383115757
2020-03-30,29.761806273867467,18.295235102289134,19.32335088149253,18.06559862311948,27.37779321607613,19.118960473918087,13.655295611441142,20.084773812731008,13.221349072850806,29.855440410830955,22.565545329103628,52.340682503223036,13.97023485871009,24.096537926928267,17.414141954789248,13.77083918407136,19.5888149706968,14.378508993490556,17.027401413871107,16.013416439909307,12.61911275193284,24.458381170549675,17.84167743785113,17.74322005130738,18.44067690858795,21.276573544305762,29.563239747124413,14.897822200428829,23.00326119589135,16.444112267240197,20.56511781835768,10.992793507695584,15.989990277025075,27.487005935958585,20.711894170728506,13.594028476183837,16.69282320689008,25.889804344213378,17.178262604267967,9.621887450881976,14.028036763033318,16.09244450708448,27.436497756490223,18.10524589301043,23.185809632407945,27.931805335958646,19.076288975043536,35.708786308183214,18.429492560314753,16.391413755808394,19.48220836281427,18.676977465044004,31.20368770909093,20.390303908398423
2020-04-06,36.929103590998494,21.358830124176066,24.214236945434326,20.097267009476173,25.62327965615673,19.383244297436327,12.634903369458096,18.433527390812348,9.15011480471594,27.571314897030643,21.898655494823736,62.82243928628969,15.039516367881221,29.89371656130021,15.436054205065673,15.076684179538686,19.401376939806024,13.13546305336415,16.18239670177506,16.443967072951125,15.187742109167125,16.798351132123027,17.268641538415856,18.705059368653842,17.387401460265966,21.469659025540704,39.72560016244113,18.48416244239166,17.266848924768073,19.85506884475216,14.014498525386365,11.38638672913033,19.36719798546328,32.56468433326124,21.11702164272272,13.236375702970102,18.944673417096187,22.244263491423716,16.157400655369806,10.221809630232098,10.560911367032869,17.819174958906068,32.63286972469017,19.259741944261734,24.870215467661325,20.251263944368134,19.870790336951234,2.203081457648832,8.648231983820267,18.609338953538046,17.386154579086128,17.967810636270897,45.87352859790629,20.341170811739776
2020-04-13,35.51542964204502,22.15765292999919,23.899206438404953,22.05588595018729,30.169759265846697,23.045287805603717,13.00885751938694,16.78263235397007,11.807384233595453,30.50248073472517,29.076350431971665,66.91045520895163,17.45502711644053,32.26297985181412,17.96285962541874,15.749714427199516,21.913570683629302,13.417552121390251,18.653078036619068,15.218945663382671,15.850704400446075,24.20903930975469,20.61659972541236,18.55686762498302,19.710406512755554,23.94329051300933,22.099866546637898,20.207854379027165,18.284657240362943,18.970035201300508,20.9396992891056,13.579928153670814,26.41606482032182,34.68549602713103,22.92213549808372,14.631024272957625,23.94291343108072,25.009168712363163,19.414973450290553,15.257637421835346,9.594115867336834,21.275794919105405,30.557368833168372,22.078796227487498,29.274703473751483,22.623244139244804,23.900245564509387,7.045952394011568,40.74601109239522,18.706460630838645,21.77814127692265,20.37162152419901,33.37506368605054,22.606433815096857
2020-04-20,34.39380544352231,22.394646052047186,25.36889542523947,23.583074563107253,32.79875391701529,26.602974088286047,14.281664622371835,21.094594239985465,15.519346397508311,34.523687289929725,28.344071534660106,67.86798087136384,17.793433981860858,30.649448753369622,19.49578388651504,15.793648402693277,27.10808558880711,14.516142980178909,23.05088524530393,17.190001113180898,13.151111346967467,24.58754240401679,21.13697720396791,24.035731154641862,19.83181468528221,30.047187188697066,30.218710395939087,22.15688629202435,30.479056159058754,21.669988670117135,17.03867598926126,15.365129405077555,25.650960210308995,35.65949571513679,27.055330964590393,16.245655370707635,27.748122014443755,25.25922772919584,19.77111766153754,20.562315921332605,17.58269645493694,23.690265255283673,37.61275542364913,22.127299083384667,31.486767506410146,32.221178305600446,24.980072101493906,148.61547350702912,41.09785735974796,19.810316315680705,24.24340929603984,16.447363097758632,62.35725497966706,27.96820131256478
2020-04-27,19.073308369587426,27.50692077215503,22.034809049779035,27.112480587019004,33.95840834090296,27.340834464214286,14.278539741291745,18.429356444749555,15.050854320733194,37.340645121627276,30.631014525670448,84.761487828029,18.489173049458167,36.68175190924309,21.551662129049312,16.494488997694994,26.476568959990917,20.51143504095992,23.773748652356065,16.427666156914224,14.792396686787393,18.977566656198338,23.873557362725855,20.82463354432626,20.37153426674609,32.94786241294276,38.4208615573365,24.647395690331873,23.039847827018257,22.8738583432707,22.510715409712645,11.600081089101469,30.538481731284534,38.054590448836066,29.907432756131517,18.065438995312586,31.94180145856864,31.18214893027872,22.575160446904878,8.807059218104326,21.022743838715048,23.01858279870273,32.4108001613098,27.23258025899389,33.135004472483764,28.1323312893419,24.958472369991032,78.12795589362501,33.329045950444396,22.89387346361356,20.667653737033557,22.284732224293087,47.63597991286061,27.145798786127425
2020-05-04,35.47656262452714,29.786968332772346,28.171908237555694,28.45628393572952,35.26249892426129,32.532474678252136,17.76104465625254,22.685581155278808,16.395683585811554,41.0721348332476,35.07998987672326,72.78012545010958,21.339285803390762,42.718780514315704,21.29295691591368,21.013234268136717,26.508549572712887,18.39144011732537,26.66574326880543,18.532397718507863,19.075929125733982,28.41471530107455,26.993725762057014,23.68417631085921,22.35237824932097,31.270480172113327,39.812651177607854,25.104040360220733,35.07268799045087,26.52692002944184,19.186007860754053,19.46916688813584,26.659619637917523,37.53133566203022,28.911658432194304,19.756463122321232,27.394271519359854,30.54051673232037,24.344038565913486,18.598327800592113,16.134598928658345,27.543066495015484,37.627358392374504,26.27638575443725,37.592651163370526,29.761890211751197,26.349370601436,13.558182563193533,27.28087753113188,23.259927948436946,22.93577265550329,22.164744960492076,56.53203287669018,28.106407834953597
2020-05-11,30.617097394866796,31.2215818768572,26.75912167931655,26.57166631801465,37.34105015812039,29.890436868463922,20.868889538970823,24.76448777383727,23.125534632164502,42.306584120773664,36.19308752812643,69.52248150844828,24.845788883466014,48.98022653790822,22.28455755496478,20.98435852115373,27.93942334999595,21.147639531880372,30.589002457803353,18.710996017949753,17.580539252753468,34.335327971794754,28.563855089637624,23.36125668059371,22.67149691669284,35.98902554040306,51.69232851224302,28.136696384610016,29.163280907021583,26.124248728550214,27.059768984281963,17.964904855506337,23.259026845074672,46.98413562056631,28.879220667846308,19.469926257488645,28.974701529278,31.648633662408056,26.00960477224092,12.271843278137824,10.222794367479171,25.661602897377342,37.776880202796036,28.749335590421296,37.46684195087785,25.86331220512617,29.37206898857665,105.03342012536064,36.51834435255497,21.483213789616386,23.09810674583782,24.180332412592932,34.958737286953436,30.475260860863827
2020-05-18,40.299359036703784,31.405606578664646,31.46253609849121,27.975923308369573,36.82326288500313,28.727028567871358,18.19709074381593,23.521984860352177,20.5952466768534,42.1829530398764,36.51524819127759,59.96639623321272,25.542435552241283,40.378314147657754,24.212447917972714,26.317219392147628,35.39659924915453,21.893876919561237,30.607837253846263,22.944972600780357,19.123213182367504,22.12331204566732,33.151434419185115,26.79575125408179,26.45591027569315,34.54572052225783,43.87477711310899,28.821537725850142,35.22571830587748,29.65562988957214,27.935423038312212,18.500586099328622,37.5653676169165,44.64568227869155,32.878112291990305,21.56764157721161,33.19623048772229,30.99274682541153,26.577692867434425,13.506835682035394,13.133235357248145,29.338658576600984,34.61405659218788,33.609368089054065,39.27223442020546,29.686834226208795,28.424218155514836,26.23707961600641,25.420623896201874,25.834209070960004,22.61045047240618,27.609374098818606,60.0007273867559,30.33767420208941
2020-05-25,40.587909692639094,37.952545085736105,32.36980387587516,31.781633008492626,39.8659298208307,31.547983397725755,20.002500262267198,31.18739766053897,21.410682661134448,45.83429966274537,41.290357533934326,76.09885838726758,27.049345845356342,44.733511451744526,27.874455824332838,29.2488215271346,46.43520633725453,26.82635831556741,34.28025837274164,21.659430842375368,20.922968112799452,38.395091386835205,36.23822911422853,25.325315433505697,29.565554184420662,36.6474370373153,47.09334160039118,29.75293853175089,35.74319130491129,31.546362085510054,20.16850789406417,25.254328285502595,32.21966594085786,51.828007677984026,34.71185636694832,23.109663429853864,35.98298659833584,31.52535148810335,27.758726508153096,30.558497414870445,18.153646080976788,29.396973252688287,43.99255513220915,36.81983987486093,43.714324128210144,36.157518167931926,31.39770979472969,34.30360277867492,29.499666418983608,28.849317222439307,27.55035334216631,33.57519551717222,56.851122324440034,34.0122100754249
2020-06-01,44.75502205893921,32.34829937096673,30.96793645687541,31.085055439703805,35.62685277531535,32.1747741415642,17.659010892352093,24.915095557635897,22.317029362058438,42.67430000463753,40.853403263664624,75.77387509117888,26.071608128952562,35.485986609637216,26.09495477250421,27.988392588424787,36.08207934021805,24.3893414987247,31.450535575769823,25.414162442504395,22.1529401974378,27.373652869314498,33.730373087583295,24.041780695288054,29.17957195408252,38.018361190360906,45.90686614663705,28.321003701602674,33.688518052667874,26.622155753888755,25.516098905962163,19.5736859919961,31.96542644735606,43.69920412852577,29.258472170499445,24.34344025418855,33.404289780513146,31.91884866415649,26.468499147158237,24.55998970014938,13.831777306491993,29.7638013888541,50.58236597757326,30.68395465124989,40.37898336108445,28.2679996934768,28.747890353618487,77.37622680801634,36.45602442429368,25.053371856195486,25.889618609555853,33.84522202500872,39.2746125609933,32.52873100429074
2020-06-08,32.26048529957837,34.0076914620813,34.04561376359037,34.485034986427785,40.950123469558285,38.847555664477575,21.21255453466233,33.405627406384845,29.79919590475156,46.31508635824749,42.09838840077472,56.73883323409584,28.73231087976749,38.97770586383498,29.96673536370195,30.143641835914273,44.06671812761726,29.878584872543048,34.31175297078408,24.030763842676645,23.72668925318625,30.38005282521488,36.97376799075725,28.02757461758543,33.58741884134121,39.2934456139114,40.600838714743155,33.153979387614164,41.911789812659705,34.78750242436453,21.496210499140957,27.085375127578413,37.34406200993303,54.051062301769655,34.485918351235576,28.742717523455703,37.62244173167965,34.82838807917767,32.433073937990535,24.867149016580267,19.500938125248453,31.32640281926805,71.40389876775734,34.66542113573931,46.34164916249678,37.996513253005,35.88897015953236,54.61949231499418,29.355946061750423,29.531048801925806,31.529257271916357,37.12014929920057,68.60647762306843,35.99169862447722
2020-06-15,43.55647175620727,39.671127936974045,41.14591795435671,37.6853043021344,45.837681773153236,43.66783162491674,22.015159289568096,42.686124988218545,23.768933170030607,48.417816751526296,45.388115594697425,103.3448434376256,32.127285228219186,44.256568548867634,31.314552313153246,32.77481809914588,47.56041843927907,35.214789488557,36.873498952009676,28.839105335941486,26.07499288951157,39.75040431907315,40.0248432663213,32.70011322526389,31.470069121134728,42.497281888617465,56.37233327306382,35.14899800052288,44.44588109095917,36.45730957806271,24.041998108686762,26.631476611046796,36.95121480072651,57.77252072280908,39.85514286484207,34.21782358498577,39.48998931817057,41.191025577697495,37.560035875504624,19.815135330136016,21.060313053545865,30.818616756259818,47.650821411268886,41.97284685685527,47.789209549211186,36.68745981611381,39.627757140152674,49.471327206409896,38.02226298488093,37.150061536520184,33.9463522615204,39.351591473073825,62.064524790418346,39.51373772203679
2020-06-22,45.17461267596943,36.747537146246366,37.6447250700071,36.49446243431961,46.896772191074994,42.46021194121182,21.48553337052537,40.16780482828005,20.713621452731978,49.05883981037408,47.6492776433021,89.85576626631571,30.233787295228392,46.366984113049476,33.895732804202076,34.317989266846354,44.67624601473238,38.107679059195036,40.548637406413434,27.935981627965226,27.73111580140603,35.249238575391075,41.720403388794175,33.11785891214448,39.07751060500015,41.08832939439965,50.687260932707844,37.903325097531024,44.838727805215996,40.14014937140524,32.593752430836155,26.69587381802607,35.420286380668024,57.32760720670048,38.78834817241844,33.41204891073503,40.299418105003,36.34553951832898,38.584714886811135,33.13531796380957,17.407910247120203,36.392327826515455,56.34907504827799,40.07268498684717,47.58433400045704,43.28012033863984,38.709771943956696,19.269934666218607,21.55517765613285,34.03808264578421,32.821966426338264,41.58105941886015,90.51185807516794,39.51251571652151
2020-06-29,58.004571327386934,43.92635593777867,40.18062488390521,42.11780209325882,52.041756247323974,46.929474400820844,29.84441052440124,39.643016977310815,38.047019704113005,54.08699620548669,52.5565646556106,74.65092804198179,38.816938739279706,48.178111551539686,38.4636441787742,39.770471344252044,51.426661185555595,33.796107133061646,39.72999204622211,33.342991364228666,31.687421268942572,32.8725373491432,42.580993693558895,40.00982524832942,34.432247363658995,48.411198228991786,54.565803734752215,40.41694845855236,49.34605331670432,38.4286796036682,28.43775555786483,28.87864932479609,38.81407228583516,61.56375587539882,42.62925886210244,37.484986738061295,41.77705104742361,43.50818352108536,42.5325872587523,28.28859790965272,22.154343831227266,37.61954765201836,52.91915526422979,43.525871504960534,49.826906163457345,48.40817422041936,41.30660461460252,85.59293043669425,18.995884539632844,39.48333119508817,36.63999171408745,37.73801377658348,57.798619749599965,42.91000792173902
2020-07-06,58.22762490194218,38.86472837374446,43.583784595799095,37.95781189684286,48.99550694696105,53.84059374965863,33.025683046975104,39.112068327901824,32.44501183395668,52.56209422630784,50.58432408744083,108.86125296721848,36.57428147453701,46.85577425759917,35.175861656933236,35.876910363488896,48.18619463542756,39.155774678762114,38.69963273705418,32.60551935547453,31.112008768304463,27.839991253187215,40.88172139362767,36.12805919040885,36.54154883458164,46.60441369583962,45.02133695769558,38.02855932180242,50.01329477329569,36.8724783238389,33.19887258957257,32.16782203218063,34.363592420051724,58.58197676756389,42.71152220464617,34.35098915355111,41.93023250016631,43.63822575828929,40.47048951017335,21.570879793896665,20.67542567740034,38.33039844791085,50.92712104256264,42.252432620988735,50.831296861486024,38.50895053330883,40.221490816123364,22.101941343555588,39.52939147828544,36.71270111265104,37.43232052063489,44.08993072953324,61.969531117766714,41.63776191809257
2020-07-13,39.92170998098123,26.851339140496545,25.946165936799108,22.488827913462654,28.499624358678073,29.49049928017545,12.59881434637286,22.11749287434714,28.06225956488924,36.984639171856564,31.1039109941948,44.16241208078477,25.29415132614817,33.86846384023813,22.48416808344529,20.59709302092595,31.244863082697872,24.91423815649421,24.45146058685464,17.407296818519338,15.603630819574173,26.264373781528946,28.298624777895785,22.427660116398922,25.636902815023063,31.128406411647163,30.247803663885374,22.375607942306686,33.63285089990416,22.024648978876254,16.3672281131459,17.897529992873594,21.689788700203444,39.98052981918687,24.740352780397767,21.383605125876297,25.39192909175216,40.42008176176998,26.946122117993397,19.854983571984697,22.82193587298932,23.764979370885744,35.11781389679542,22.579870577039138,32.87574077071102,27.15861834109943,23.319928328973962,81.67556002392355,21.934384836358586,23.131127014761706,25.13625711713735,21.26912362503367,23.89384594943517,27.2732316521836
2020-07-20,,,,,,,,,,,,,,,,,,,,,,,,,,,,,,,,,,,,,,,,,,,,,,,,,,,,,,
2020-07-27,,,,,,,,,,,,,,,,,,,,,,,,,,,,,,,,,,,,,,,,,,,,,,,,,,,,,,
2020-08-03,65.30570255340488,36.72025777936978,40.323357129740415,32.66330274102421,41.828037710837634,39.67749328449358,26.89209497641397,33.79530583078956,26.112921832173015,49.38434701842039,44.60973822570625,104.88273750403762,29.66764823477282,42.764808899535076,28.820884011604942,27.67036733362716,37.466547207629866,28.618224031985733,36.40518305325931,25.001949834557585,26.528881279207233,38.90809887272985,40.7032405271482,32.074204410416925,36.35915322557283,39.232677715319205,45.53564687820017,32.73937560066742,41.5282340740095,37.42758095342018,26.666043399262914,26.43409097762073,32.33123118703319,53.075895248012884,35.597920125898455,28.116160236937283,37.74499558350572,35.257052103628595,37.0969543478989,14.754272740249029,17.879169784488248,27.602921725108104,48.66373965930601,31.653194485535703,46.33560665204658,33.38363324242309,36.02126574658782,41.422890035765306,21.556343654883023,30.477084742605406,27.3279373963223,33.16347170342381,42.961206678662606,36.51266196579776
2020-08-10,69.24861841367121,40.198351114260994,44.17013382459505,40.34061237851035,51.830006379501114,41.148297532314956,28.63147455569125,49.72334850045886,30.19380002478165,56.066957029620816,52.48375516637456,97.44495594895159,32.57251370628259,50.96919304801396,36.290012257629634,32.29107755717029,40.793029573557796,34.16225343387637,41.97635651679625,32.14927417020012,33.4398083611919,40.78901906285711,44.52605960883965,36.09694624025692,37.774287274336075,43.06955151836768,50.20079662884272,36.99752824801967,37.54944963245786,39.05109717140612,30.46437181761293,30.60813736019871,32.6830458423887,62.313299155942104,42.78706872711538,33.477859555363175,41.684230629337385,45.086220103555014,43.07262093472686,25.92993419835704,32.28926776519532,36.53238032953781,51.98949884229054,37.950871018096414,54.69459102809642,44.25161769668063,41.59232962732112,61.620873944278095,35.49408547767428,40.01131028145205,35.948330560387795,32.828253048081734,74.50011960963056,42.82997891381425
2020-08-17,64.02125452832847,32.60807473722189,34.3921499310369,38.989167540857714,50.237953119525,40.13175931699639,28.970876654504146,39.36910682164941,35.070135613053694,57.06688036141086,51.363111991120064,79.64810029482064,33.32526015786531,41.984685542879795,34.50217117899082,32.05162042042684,38.9657207848209,29.781054437655058,38.67224572350995,31.54305288328048,32.26014799590245,35.144349201514785,43.11679638724886,39.3691926120189,37.66860505282001,35.767295809900595,53.88760759679233,37.926656906873454,57.02075555052003,33.732712362290634,31.215054187661533,31.904627201370165,42.083965763798474,62.63773529653935,45.410826788194726,33.61640477265885,38.845999409944895,39.37113226466968,40.33652791566242,12.594104724153599,23.10210942889906,31.40798145759339,40.95787770499745,39.085050064911044,51.589677193562295,40.79344279996339,40.46676473956111,70.23005480892904,17.476770662619753,38.27956079720728,36.87066504735975,40.12049290751069,71.46844568876435,40.72554288947866
2020-08-24,70.30984706697012,36.434957696634285,34.7229885622848,38.982189168727814,51.485649170638546,40.18338547529082,24.168639734862143,42.25073251318592,29.748112872085056,55.59740868517418,50.179891026652506,83.28124661566571,27.51194438533591,42.66034387305013,34.04338444766923,28.126510963240328,38.360556989483115,27.001870318155195,42.96322245628707,29.795884829149603,30.739339412043414,38.08099485804753,42.45575777512885,36.05571953123519,31.52147089710777,35.11074388233019,52.07860045020772,33.87778957188561,43.62911190315515,37.169004512437965,28.78560147469771,31.74049709931791,40.261297503956406,66.14060931826468,44.88059274234593,28.664842110409516,34.84420430254374,45.15575618132613,42.72131378178572,30.422418018405747,22.973847545639025,36.4873119702871,51.12624171683724,37.50427216654544,49.72823554547973,42.264184706955646,40.09393850201642,73.15296480616965,17.316461383897565,37.24235470894536,34.8230347195562,31.9969765320273,54.029885905228596,40.2053611771087
2020-08-31,100.0950019011228,38.55117667238703,44.10113393249703,43.19182702252901,53.383545534034326,43.626568080542384,26.684566363661304,49.31015812609055,32.14552986245224,58.3598886269635,52.85091000525888,91.5354666277686,33.473935465529564,42.275849686567646,37.535874820479435,33.07480934394664,45.67018142757853,27.995539872007303,43.01088432635149,30.391390578876123,33.05111562455298,32.1164807562224,45.07851444384709,36.316765420990144,38.004382680496896,42.88885085977147,49.444976477363966,38.52684281757386,36.61636458261531,38.19663613824803,28.28244764342289,33.61247243832291,40.55648456435114,59.32278369749535,46.73093464847101,33.40019020624338,35.651230745965705,51.91441360086125,42.266437437404186,31.183436030065927,24.96682603929511,35.83333462273488,46.51846801960747,42.85851672493797,52.26996000432656,41.93560329272703,39.47349432593103,79.96880965555627,18.02435671664876,45.14827617236378,36.4883519657543,33.96447523626153,65.62762132796682,43.08498289047248
2020-09-07,70.4407994009151,42.228182755043704,40.990518920762845,50.892226301295565,55.576356819438594,50.405833491767346,23.078111526279567,51.127622224992294,30.820956438983984,61.55265544035545,54.73667806471893,107.48129793324803,31.26775911029996,50.79144696517393,37.19502312775828,31.3944088355626,39.73654153357477,34.57379403634979,44.75325433884343,29.279395538665952,32.53161080215935,41.9174882644879,38.57064854275044,36.01658492045178,38.56289058964758,43.59181249893289,66.07697949037612,36.739766366474,37.761702994674025,41.45821005813684,32.974167363904485,29.28061687796539,42.29021281586658,65.85380857255356,44.86950993118428,33.87012906048093,40.11238135537281,42.17784951552429,37.3543233995279,34.34339595947,22.909550739035026,39.84536349695381,49.073053613375826,42.656018754346064,54.11901526464838,45.404947908387044,38.127817476220315,96.70253307842295,22.747131420814924,41.940270805918104,34.6558994138697,34.22126509434241,62.54934041711186,44.14394640881921
2020-09-14,79.9902305349801,35.39276341481165,40.16023142445179,42.364144754831436,49.965478360823475,40.80001879217225,22.09446870739736,44.390039365195705,37.82422965048553,58.486934764546966,51.92995406934652,80.77711018561142,28.707102756013413,46.924556636948786,33.533667995970085,31.592975308514923,45.141686659115756,31.0009023677909,36.31961697140696,26.92331090618832,29.04966411863494,33.063190014567624,40.770165262116784,34.00333258231174,35.651221042389224,38.32328344247116,53.244645978366314,34.56474857979613,36.012024988658155,37.27459835121165,30.16373148351897,27.959139794693073,31.12064529484366,60.96816978910585,42.93234841365479,29.080709525333198,35.028997824204424,38.2585066963491,35.6127337497254,33.49601568812386,17.11402406982864,32.39164600384813,38.097769887139975,39.94088930263453,49.06869899069055,42.04502192723221,37.79515308417513,245.66048796819598,23.4267180575223,37.315042763529696,34.711926179027174,29.48681999924284,55.87486797610732,43.09106344256329
