, AK,AL,AR,AZ,CA,CO,CT,DC,DE,FL,GA,HI,IA,ID,IL,IN,KS,KY,LA,MA,MD,ME,MI,MN,MO,MS,MT,NC,ND,NE,NH,NJ,NM,NV,NY,New York City,OH,OK,OR,PA,PR,RI,SC,SD,TN,TX,UT,United States,VA,VI,VT,WA,WI,WV,WY
2019-01-01,69.94731017767317,44.08298796029151,33.79871502233135,52.6722768875552,59.73620969795635,50.87904014271215,29.631412999534856,62.383079116921564,28.985108393301342,59.696009586012465,53.97782800229996,139.38832394987324,41.7784321265825,50.782777602005915,41.24517946368637,36.57212697941311,49.686567349685134,34.508703606759504,42.15049608554899,40.11934067645156,31.609080684346946,40.24165748711924,42.5744920588612,41.25120735158268,35.81474891096153,44.90291772370787,55.079732412740675,36.97979944837033,59.54565050802616,44.65339259120865,42.64662489102215,29.91129139721048,50.116696279681825,58.776193414346615,54.862608293061136,64.5936924202113,35.81608709647967,41.75533681100268,54.42699617007097,38.869361337973395,42.520898617187704,34.156115494758964,41.24509327759444,46.38525011202414,41.53957162219406,52.64894071058701,53.96649768075243,49.659961839581754,44.16768004960412,50.21262245838825,16.248550946607054,55.9076180286641,36.10761806844625,36.70476660066332,48.88804369735452
2019-01-07,91.7618227285112,40.30473658581889,33.55025476247285,41.577103416407525,53.63689081241117,45.75935926157363,32.64333799547858,54.88375692691787,26.55842032832186,52.66913695639689,47.4944106102171,127.84622718945499,36.794506826913356,51.88286637406129,38.375306695123236,28.02095026189083,47.939662666028084,27.36329511958122,33.42550421341443,39.486822058394644,29.703379058777323,42.891967058564376,38.70521724532199,42.29889279493791,32.4777821548895,34.23375667059806,46.502260360629634,34.323782699824946,43.9004655635648,34.64217303122714,43.65751996063929,34.01201151837651,38.27220117964161,58.68924889653828,51.574152776267056,60.72410345145109,31.108957747711777,38.72126959885641,47.65765393263661,38.14977472687779,37.580756108092714,32.85989603408027,44.32313114383377,38.06978703238097,36.31792211855822,57.1064304378707,35.38569439013249,45.65118830660126,37.829907180198795,131.0245063080591,29.510060237379687,43.777648874452495,38.88569967584141,25.263194045906676,45.718592383052346
2019-01-14,77.6617622944947,29.926763133100632,31.047431507401658,40.28157300693805,54.30915461666389,48.66417818495541,33.50207797856192,46.40220479793269,24.032122469280182,54.3363516953993,46.936840499277594,92.16903959901751,27.701083841760752,47.6287112987023,34.993804171229066,26.805414885972137,44.21168177214563,27.71528081851221,30.852896009806276,41.008233282146186,28.46669579958742,43.17167322452858,37.84069609374307,46.24153342990989,33.74886288676188,36.23151483000397,40.199870501759165,32.2519775875616,38.441423186968414,32.17955896837017,34.4768828321947,35.64683248477202,36.58574400227447,53.666415384884544,51.02551376892791,60.22067388953458,27.784979061616177,32.1853617862162,46.24839557588891,37.50217939887174,36.93376279893827,38.48762548608737,31.16589161881614,42.552249026462825,34.000785156726735,55.96795589163773,44.8084842565881,44.54469755694566,39.088753420217124,46.13060788933755,32.614185772451776,46.84833050648656,39.03882799608361,28.37811738361489,42.906136914984494
2019-01-21,78.45245226624444,32.754626963441225,35.25465634579269,44.89171508371693,54.04295664326888,47.72018403850675,30.988619085637907,54.48402705307478,25.18379215884105,57.22239724483909,52.22101927346608,103.69125331774192,29.23379160698197,52.35665432352519,37.3071753950985,26.87821993509481,44.03067987836294,30.62533203421147,30.67051406853917,42.2900911588257,30.385509166748378,46.67873615314751,37.237648853403556,45.47091161481191,34.87366778485403,33.10265930229027,45.49317687166106,32.07944522288791,41.83613682325424,31.913227361299043,36.55080179856027,35.70902139217038,40.11420024856259,55.31613450273705,55.51922287994407,65.2957197548299,28.079535757953796,31.468323185381447,52.83265352339649,39.12555993637687,36.135684278044934,27.311147968462812,31.249687283269154,47.27954749125425,37.6703089051196,55.105356528243725,44.17284406190155,46.27982127974955,39.27525275025807,161.87358028423077,31.327454511385284,50.325280841828636,40.68358195197732,29.49149285909016,44.05334139570784
2019-01-28,74.28524252779596,26.795585431005787,34.747074041595724,60.20917557971483,55.86366119138049,44.81181785393372,28.320403455616653,51.19482084436807,37.971633264707,59.34727982493819,54.07282000715976,85.32270503397282,29.258886012046915,40.31153976013797,35.633476781277025,29.168034905635338,38.49772586266241,28.51876143587203,28.99415863791243,40.78979726213351,27.650743302685907,50.15148857819714,35.84386599780769,43.106869235180035,33.8020733068502,32.001949744647334,44.508962435026035,33.20524924225453,30.344027323374274,33.65390302422855,40.836714869500405,32.85038999558212,42.639017387361186,55.128475095487644,62.58981588018909,64.03766702524283,25.95514131473271,33.1369134036053,47.21085304713663,37.239482174216896,31.639135054899086,32.238151805371885,30.935075391701403,40.80706400084067,34.204431278970986,54.259916702693396,41.07817347804984,47.19615529774679,35.9452793958216,113.04668172218877,27.383469568576974,45.88075219414861,35.29340503764059,23.949527638638514,35.83299321381963
2019-02-04,71.9459328015398,26.39257710259725,29.565274398404654,32.677669739491286,45.60864010540894,42.180934908360044,27.631526760347377,46.449010350191884,36.05401543450988,48.729242387711594,43.039888680300606,81.29716405545192,25.544574890236937,33.52584204511811,34.1031865943316,24.32889251010212,36.72782827876827,27.40432510647599,27.329680499546885,37.75109730493308,25.21502389230177,45.20809699652446,31.744241271015436,38.129258254742645,29.11671737717902,31.46178948942029,39.778071419229704,29.055414688039534,30.13548437578522,31.781615583315485,42.358199680995554,30.846404606341128,33.033308419489394,48.60652095776389,43.898695971172266,53.59170175394925,26.238856139858306,28.35549837684388,42.44952282281057,37.67000545078413,28.972375113475554,26.509557269506594,27.427122755437555,34.94960848002166,31.041237496140113,47.5804659585083,34.715482612777905,39.199873585064516,32.80809259776355,37.805459911921965,32.73605031689532,40.782848935132535,32.8340361759533,24.644523474500986,45.164845392286104
2019-02-11,81.03831203090509,32.526559489070365,31.153293385784437,39.02410274161224,54.86344053935381,47.48330605280281,31.221098927447613,58.44451595487049,30.684174931629595,52.36802130555421,46.976467000265394,105.43800004628282,31.513426686628815,46.49419869883939,39.36872285811131,30.796183250604464,43.07817204153758,31.168681087141216,30.220773500264713,46.01682129851236,30.547164074080076,44.56941159903414,37.18770774820206,41.03265808002772,34.230149414336445,34.49284502103761,46.36529933464873,35.22318184025818,54.53495363450322,33.45065633316231,43.87839888895222,30.82208800091734,37.321307085152505,55.074498397101515,49.92510860847053,59.851536402751485,29.47479812480062,33.91107176631886,47.8426893701745,38.191688150204826,36.20778282955593,30.03775848276923,32.82405531220042,47.46468835934818,36.815753433730286,56.44316350916424,49.60687353549297,45.359008572519734,40.05681020401211,125.84230476677332,24.031845984966417,47.40221532228821,39.904798520933376,28.377665993652847,36.25748520137229
2019-02-18,74.4446387935546,31.405194364684725,34.61125917662143,34.065126501280226,53.30360281208322,46.927822414491004,29.433861242651606,53.752896449055605,34.31462392016503,52.7660433360876,46.713624701034334,105.7861840165805,31.22135657362501,43.90394087196652,38.06980237658577,31.13258668001533,42.31751553763438,29.80601509827844,30.00753228891835,44.201016080793764,29.75399882724413,46.04526001550723,40.24930898756983,43.975584439023095,36.98343374321903,34.08412055206154,48.52263752994966,36.35190893831979,44.41374114964981,33.1868137909935,41.60299771980053,34.07391346981002,35.90012237839594,53.66677864889043,57.190483549441495,68.37839400512571,29.346947267647774,35.39204775373781,51.10250012271179,38.62116659472249,22.361870915198324,39.95714785733135,31.05139880378579,47.74748080032209,36.25569622610433,57.9964008404647,47.995507759513366,45.70828870384842,38.86646637476528,129.94083075601898,44.80106194291144,48.64268155290063,37.57635627543191,32.81186465910797,53.89815693084991
2019-02-25,90.43470366270597,33.36004382392909,33.64992230517726,40.53037197443043,53.81079937451726,47.94863362693509,31.027862239888236,54.47248876620931,27.320241595860562,54.47463282983091,47.85872191260211,107.9470473666171,34.22477475557313,46.323277540932764,38.569994384574116,31.83395441803359,43.559038846941604,31.465455093544445,33.42259710973842,42.24117584631394,31.811438157216042,32.963482152231265,49.42139166544289,43.83730807453143,36.399063425581375,35.304449239102205,43.52640948446346,40.28836899846979,45.87947289953468,35.02975681889112,46.52771061053728,34.72031411785927,40.05006402387179,52.804550393562536,53.29233487665976,64.37034429076449,33.669176185231315,32.741037584401944,49.38077503819076,44.66501106925372,23.594236690997384,34.03598868223786,31.349572264557015,52.488514956508105,39.25880743089062,56.23888237306628,41.134248320803664,46.83693118461857,42.957201427052055,90.12802345696922,40.693104768525785,53.38855699839032,39.676233648499434,33.589874113989474,51.91950628683941
2019-03-04,79.66503377701606,35.40124705936479,26.188665524084414,39.072860592647714,47.341656173347964,42.193680137241884,32.43194866832388,51.784667654203304,27.35867253947973,47.866100211350556,40.70764521261503,85.57925626050567,31.170578254083665,41.88841288397279,35.64747213440055,33.18006566422848,56.01717412473429,28.834237899168897,30.011095199834273,38.69817165158697,28.41071370260013,46.54535969773804,41.16417269846787,41.930459016928964,33.59460550901823,34.81559000177902,42.02094752317388,39.751318754432226,46.11828645217269,39.33997617100458,40.63506346072719,29.226816639214668,34.66617503338329,45.351974960350724,46.201679758876715,51.05344449112016,32.12468841867825,26.968071828662627,39.855157925324654,36.92540095700107,38.27359727649368,44.499401898061414,31.209748958338825,53.20041318127106,35.46757006273014,48.79750370303572,34.89656204357787,42.10064150933825,38.75882589711998,174.6065406564512,40.94906930187494,42.14752028149255,32.27094961154054,31.578103040979084,49.95162080203156
2019-03-11,91.63447918069059,46.39720147905653,45.61582582288672,51.162589477232814,64.1909533393108,48.79685560166211,41.15566582960303,76.98167668594523,37.1850081878334,63.30462824613285,60.587883626252555,114.62539910403396,51.03896375381027,53.90918570095075,47.77385010080937,50.01869492540824,71.97955596637291,41.21274911819795,35.198383027939876,51.3420333166148,42.35939804111173,67.00740009319192,45.39576710131943,57.12105533125068,50.95256163012014,56.99647212336166,70.3728343122691,51.635128197275655,57.87355657756654,45.63931953643869,46.65768344040161,49.17232098737345,57.942828386063745,70.14592968490959,63.04909731373347,77.29199698428158,41.97254774184189,48.913216603837505,59.22600663393518,47.85266183379028,35.97398896105946,48.85313802063599,44.16285048896014,49.46945561866581,49.75946578454693,83.45926783083851,58.40124376882897,59.305668574420636,53.166407264842874,114.40020522549386,54.675684980256406,60.89492564307604,50.74845581100588,50.69063560562813,58.361174570068094
2019-03-18,65.5028024090379,45.152442090911876,62.45531107751053,46.24503027022131,65.0446231017699,60.684534946998454,44.03468064497114,64.55897735818174,35.93569655990772,63.06842978301262,56.963957174945286,131.3634037267895,57.82284591355969,57.376812053796115,49.43921161455501,40.68937052950636,51.72930961909066,34.242538734672706,34.55243760311483,45.59800449275849,45.05458886964829,68.21917904605677,46.25100075704118,57.907819319007984,50.25733852300438,41.820141248577855,56.60678661772477,42.234563064080206,58.92197920826096,47.04909693854954,46.84017930595297,44.018910394110144,49.09418254264363,67.9224466340977,61.29924765258406,72.10913332313415,43.74368860586405,63.67383803160861,65.55894071988747,43.5886853502292,39.50212973590842,51.88745251995158,38.45787395198173,46.38872046277574,46.415965981725115,71.98135348084348,54.39580567160142,56.9048924245538,45.640921014819945,153.098354878261,39.72619868359456,59.44215269689419,60.031956298795215,37.96075108695365,73.03614237471831
2019-03-25,89.25629408344763,42.63052098559148,40.553369135209216,45.59946837518496,67.42418551888393,60.97433307261798,36.55867423576875,54.12574601705464,38.21784608213728,60.22307671567354,52.430269889000975,96.06832531918437,36.515254809488525,50.48052377165234,47.59567236538594,54.143088487303494,53.22112018669067,38.625108124881706,35.785610473268584,42.10947735775553,39.11658244529431,53.3348074302865,52.21407171053312,53.45721352146488,44.05536767085311,38.57986254786875,53.70918657875923,38.98808153262422,45.10468633580546,39.61215005633324,42.16692938433577,37.34890090942716,47.00607621750493,65.8830872991409,59.04794813134869,72.40446981809501,39.934897571141626,42.40086289486123,67.8631658862112,45.938987643339146,25.066861098477425,45.6061535953227,39.260885018141884,52.777105596652056,45.431463354147375,65.13004903085759,50.09776761860766,54.39601823424145,46.660989759632685,127.2923219937462,30.56995608472891,59.26310263924661,49.223130311884844,33.74614539836308,52.293710714573805
2019-04-01,90.76235608584629,38.85281299453249,41.39596367940074,46.511574932800485,69.32300268159659,56.71370092485916,40.72965281879901,61.256846274355844,38.95311781655668,61.60384177957308,57.59169251970824,104.7882468254492,39.273988301780236,47.008571390984606,41.35897168692305,42.79542424034002,52.798728874821606,42.227887696980304,34.54122826355596,47.82710997552638,36.45911793638585,44.90805663750663,53.17358737026946,51.14123508516515,38.23906946232585,40.22852778197592,47.892180095998214,39.499469502221395,51.46038227666143,38.910062506036084,40.525773847062524,36.406471710056174,44.20962325624838,69.04049251941989,56.252120087731335,67.28637274106417,34.36629886427249,39.617648676824274,60.00138835745413,43.140198973713424,34.77966524438446,42.75296642145429,37.53860622849651,53.087707385286386,42.96084332867778,64.61628734237505,52.45088126395943,53.798929136478556,48.46938091423518,142.39609266264736,41.611307750824736,59.0528025668031,43.29256542471307,31.73497167914473,65.57796664220969
2019-04-08,98.5675946231608,36.2178549131349,37.14462412014606,46.602642760114875,67.97858894294471,54.281573173963366,39.76971515881663,56.56774404752969,37.58603237108457,62.2579288713491,53.412196043265475,118.37163967280144,33.87559166386987,52.2407605361458,44.384012768348555,35.800231605919734,51.41783346277942,32.888049978937076,37.38498962126967,50.63908818051464,37.712663930047576,55.17346618791688,45.63951182280606,48.31743276482368,44.14607217773376,37.16808956130434,52.600479813375664,41.747201484539964,43.18521566415299,42.52593104015766,46.12939750016982,41.20816135031819,47.6204305235205,69.71494529337757,58.50720806072623,69.16284132791802,33.844374871763875,38.94713743731851,59.59969849167502,42.68301435240867,46.198608324685814,46.70352858436383,41.61738254989738,44.153016003345925,46.52154404636447,63.40887374825999,48.886188188254025,53.75732012195066,46.636425017228255,62.33955689444929,56.549426044987655,66.80984319988487,44.398418661829005,40.097430385209435,44.34096776640862
2019-04-15,80.28069911007226,36.209074363992464,32.7790119995327,43.22051179460213,64.95790284742395,54.26931678584398,34.44887112447746,62.320511691186475,31.598748821611753,60.025370690974995,52.062173318560006,130.4916948188693,36.22911391416477,52.889068141258186,45.35547459076427,31.44136685105027,52.67811653038598,29.996218154632963,43.394532201895494,47.37150327531065,35.424534598583385,42.55062283569741,41.908731806946975,48.09060210254506,38.01252092848458,39.49100098139087,51.56832563409759,43.36014273228306,54.0717359188788,39.549531072100876,43.51117230826805,41.42567675415378,50.175237011759386,69.44972303824126,60.25234991935834,71.86359606135498,33.910148829791524,39.04851855362243,55.119018207290345,44.29066879547204,39.040571522984294,37.923107354014746,40.74878979039764,47.9578162062916,43.1407682773026,67.59757620462152,52.92206958980118,53.4143411425365,46.77495201350647,140.1466519601908,45.55220111160502,54.86656821316729,44.18018258717201,39.579265595590186,54.70051011241562
2019-04-22,109.03335457907134,32.34371045643543,37.054003360777315,45.32478478487863,62.231577322131514,54.19845600388148,33.73759226635798,56.688338896148764,37.32512758937079,61.95029868660582,51.43974283935129,132.81282219352093,34.547434773079196,46.34443342204563,43.08405815809764,33.79780413125317,52.396456554109115,30.435299559571288,41.58996574223146,41.02514426650435,39.2473945042762,44.135990423296136,42.714184517967325,44.99249570235232,35.12007791564881,39.05997784866753,44.178951433187606,39.281714362492316,41.243620889565015,40.56767174513817,51.15464022363221,46.37982770586667,42.57057565821833,65.39774894951233,62.045187668363816,72.65386601782824,34.53784074645898,37.82212750235789,53.03796967453574,40.35175628028886,48.17781782323073,29.517269416243035,34.46437516724949,53.83646045134668,40.09017253460927,62.55642587430853,52.17315453280035,51.67896439014872,42.69315853922379,165.3839707506908,60.661551979383454,54.04813127302846,47.79625901282345,33.667439921048405,52.482596416189295
2019-04-29,110.64951105057031,41.342045331409466,37.11602747568471,47.92148703928031,62.28402167333585,55.059382356877016,34.5211901717918,55.57009681664033,33.70373319042606,63.30147198990286,50.394261106264814,134.267566585992,33.843638883519425,50.04462350177147,42.321684469824326,33.978133860021934,55.05008454887485,28.956511802596307,37.80894527833324,44.98752306015318,35.871155076819,51.75942371076512,42.68684522884487,51.71422281525954,39.04507682240368,39.00795384254654,52.30130114857122,38.9713188860581,43.49184977431577,40.54105948020437,37.805048748072565,39.55112276498965,41.5253926543437,73.07171413766926,58.81024938854358,68.82798515794646,34.566676403967534,34.15034330416666,53.23148695673432,42.363526609788984,26.883276162014727,30.60574429347568,36.2772339804597,57.676705912077395,45.279761167477126,61.10593339468459,55.599368208300696,51.975086835355135,43.772914933975635,86.82269392924128,51.918770226383856,59.953824263595514,42.66944697243431,36.87114228890165,47.22895893230204
2019-05-06,89.95833679655716,39.86600333719747,45.4065205350326,54.57606877107547,66.99459948360803,59.252580626921954,30.664019332217492,61.76817262473078,42.4735708456071,64.36592044516738,58.05232952104232,132.61070027061092,38.57821142355194,54.30547109290399,44.411486786503865,35.93574424379734,51.6333867965976,34.45197231416153,37.334593830797274,48.76370079040734,39.18414532736112,38.66697572140599,43.636478557821285,47.95708299216148,42.18843920293653,44.80353794591221,54.0791506105918,44.57584113774016,45.79898837735666,43.385705338298166,45.11152280410737,39.514467036644874,47.710443403538235,69.69993276184232,60.460269035295354,73.36974568038532,36.27245899619035,40.20156994066493,57.07861415254065,45.137415492792975,40.593884370788146,37.1320366080582,36.39990965027054,60.12443043703211,45.68685007897886,63.59737607658267,65.08876805869802,54.628053547935195,46.09866977231707,148.5284823472244,44.474713666394926,60.923529396593494,39.53673341725614,40.25825322840536,54.04252966507415
2019-05-13,105.646139689113,41.6798210107736,43.45195338749175,54.97568585658185,66.69835575438616,65.94740655760177,36.75172716193577,59.629194686786455,34.41786919232009,66.23410183113073,54.70486181424708,117.2497508161539,42.304423728207674,51.992195601214426,43.391524706008234,38.943363940832285,52.91385138448118,39.00866135920434,42.67602138425403,45.503846363860944,38.08979591347667,37.21771412704653,46.783361200924155,47.788525393871105,41.39391109170871,41.631121725297376,58.75150433758289,39.714605479056495,43.62570822334861,45.997020989376274,35.79871838682439,40.78761740146096,51.69705051948196,71.14595357042434,57.694211162285974,67.2961103701303,37.133151778945006,40.96362798013008,55.750293858815894,47.84369217903541,39.60767199349192,45.20089504647436,38.302277701643575,46.38395950658651,44.963669927041174,57.379834819683886,63.793652148316426,54.05959747001082,50.30619799987419,186.75986999503488,42.65750558274624,65.11581068532132,41.183995488578425,37.63162633926694,62.01231780764406
2019-05-20,89.2919237188201,40.3285402737406,49.1902918673587,52.47418718212464,65.96764908916776,64.56182860166939,42.07371858592078,60.744685810384155,37.79374103245337,64.42129149325434,58.650342489276255,138.83291221173562,41.41873222641024,57.89237433227903,48.57686456500928,38.10677487320254,61.29485179033649,41.52524962711919,46.35336162965925,50.66677087708704,41.98191159257328,44.80746577261367,47.35929865072339,53.27231591962963,44.06374963596203,46.55935570416003,53.29195280230818,41.79264123005616,48.95472341687963,46.78790321398531,50.248656793931644,39.14183427693154,52.30566055051728,68.69763793979806,60.273562675539814,73.12689401779853,38.31398011139301,46.2883168489921,55.086853398026996,48.98894257039572,35.2092322133893,42.647174864406324,37.739012452654976,56.11525701094843,49.4035875374755,66.61091502394981,63.634712262340656,56.349688630179976,49.58028695879209,127.1151262491142,42.33452779324791,60.90935446192117,46.08331470516338,45.493296102500636,53.16745348276994
2019-05-27,101.67411727919888,40.87578455795319,42.201058900583305,57.86481576670518,65.65458775283291,59.39945170503686,36.71716466234731,67.89711763429383,28.652557331397777,63.89070183908085,61.02806267327191,131.88307885365055,40.76534738528615,65.23829082583833,45.08915036849963,38.438654071874176,59.87886389287037,35.74313866337835,45.34380021283062,46.33822036673616,38.50151975857614,47.42765618836533,44.157895409793376,50.14042197804957,45.380506090097235,42.54608605029966,49.322146901493035,44.17527473600807,56.41514759410347,44.48409689207332,34.080180266083886,35.66859513366075,54.13482884905057,68.5002204737944,58.23414247610443,69.51289429672195,38.62764913763526,48.09459775804002,56.07614291271584,44.56467361900142,29.27241762873018,34.685410282522696,35.036877960374596,50.17297192624228,46.35820903192633,66.63054431476601,53.21992076384868,55.26406711724487,47.90190539358376,132.44550458663778,33.004140759519764,60.050883140316714,44.36044922507869,35.97552545937455,56.330640038455385
2019-06-03,107.20026580460522,35.9242351495618,43.96727370410703,53.6184817923625,65.39502049728733,61.456270907611845,32.596860309727454,54.716261126938676,32.253857196928394,65.4405909334687,59.83822401413448,120.02964348736647,45.82701523837719,53.00541058167664,42.79645318005423,39.505955749555696,55.17880338324252,37.45558279194612,41.157662627299004,43.74128735956957,37.90664918310229,44.63093662570868,44.254307283746016,51.32405378079406,46.832299792025374,40.55824629081006,52.49646449388279,40.563112496403846,54.52026528094304,48.24972922408631,39.422621058726584,40.38413026497076,53.06200365860877,73.48440099494816,56.32014618861792,66.26034013576249,37.7390795941563,45.488072914778364,50.19917593839793,45.32183186930521,41.72593970136224,34.18251069789092,39.330807051164484,52.913984003744844,47.55753590367008,66.51598765090613,52.4310618876842,54.71910621219439,47.546920731927855,72.5662772235852,38.06723926641296,52.6164567975442,42.35421552893884,43.33489269073409,54.47100963422781
2019-06-10,92.42982002310872,43.75653335789014,44.35207821400964,54.201370771770016,68.758699481856,60.708938749222796,41.56971346673471,60.05505179937665,32.40223643700121,67.93929590808926,59.252393371123304,124.57697875142489,42.94858312743157,67.9833958974745,46.82061275047203,42.81496578968743,58.409877407998295,39.72842203048642,42.89233379659853,44.27578072999989,38.37240526115467,47.798313146018906,46.14411520036562,52.46301789371376,43.92261240184856,46.58958463264338,53.9671044590689,45.64511647756612,59.43557539308658,54.3395139086802,40.4521960734661,36.20143952616607,50.87092108584222,67.85347636386713,55.9024815703391,66.96156640469803,38.424412682531496,49.04437424343867,62.75316615599364,45.83500420519668,40.27723455507817,34.482408586055826,41.0525350898774,52.90529366271807,48.858960565469225,68.78926284218353,60.264088405894135,56.82442083323812,50.47056505482312,99.84850093039239,46.71538216759532,61.24718040699448,45.32931158768713,44.137010680873004,61.60006292080228
2019-06-17,100.86098669787069,43.202991048711134,46.374555855671886,58.94671049603441,67.25309088170177,62.9638694574445,38.26523210585398,58.903548845091784,37.81966017008899,67.15316476491425,62.80186814741823,124.29917607123026,39.19966118225156,59.4831158150164,45.43166859974872,43.44727976671364,59.343672105876,42.00424042202291,43.25726005210501,46.27824235635286,40.29599853609534,49.89675049250405,46.97249628258393,48.09940970021819,42.99660135628796,43.84621825532474,57.24822032547067,48.157798241080656,43.43315655149668,43.556122312088846,44.46538730767184,37.301838926398,51.05606780628038,68.32354352045994,52.40742296485569,61.4858166196931,41.530521566294745,46.36783740517009,58.90981613843854,45.92867649239856,31.494330997813435,30.846005061989974,38.95914675054801,48.951331250567556,47.20787009907201,65.13543726247192,61.963238298936574,55.97080488379228,46.23236957509727,171.64676239720634,48.12745567770381,59.140920105786165,53.16711007587205,44.373895650242744,63.71024179685491
2019-06-24,90.77341555172434,43.75036328614361,50.96266819512166,58.230210754046176,68.60462208088502,59.26455565819687,35.78904081996304,70.03798281675613,37.17915151328085,65.91379169661639,58.9819143403416,129.4820293985935,40.76347350728427,61.85406668991836,48.072589947099054,40.02087585336548,59.495068519105736,43.10988880214911,43.76480321373977,46.27599451199034,39.96439146823539,51.91304548224127,48.475019068331605,50.08554747635931,45.560408324537924,49.120147763468026,64.15736203124524,44.977543151984555,61.273789696565046,54.22222718817169,45.725333793569774,39.34220101549568,49.617220746352466,65.39402553243656,54.317407645714916,64.28232291229223,39.25006783556601,46.327998078357325,62.980604272534215,46.95349811658073,45.093583523634464,42.196756591765414,41.25897631842489,65.58876532357273,53.95166824799675,71.6806285627696,66.55333283600756,57.38109141282305,47.08183773769164,85.92313564860153,46.29580179511292,62.623896369780184,45.866662030375664,39.447461518468074,56.997995348011386
2019-07-01,90.4221907756219,42.59134799849796,47.936920361926845,58.75590082926266,63.213585354507735,59.58033285380697,34.12320878975031,62.795768066814176,36.774148744260486,65.31171705459015,56.82738793280807,116.83665086117745,44.56551620915986,55.832338356776766,45.06482055243619,44.88968246051385,56.44027885612351,43.387262739388795,42.5968713672666,47.325810652114676,39.91696358452189,35.965454053996346,47.30612732960791,46.515667716401275,47.12087251380392,47.78253978849479,49.98545285215401,46.593001508102844,51.89495859486242,49.19195647411038,38.01221461420934,41.433237190912536,52.05173080933616,67.86197503101572,53.47594954027148,63.21780466270246,39.70673757345983,52.524153846477255,49.041796380791816,44.967757239075596,45.889456554075956,32.54077645195214,43.7644311155669,55.34400931716864,51.87229564235546,71.48389497854711,55.91890476350818,55.85729157501473,48.49632348865923,123.25223344134827,41.79242231919557,59.036702778898544,43.68021026247334,43.05457911336913,54.507899131688745
2019-07-08,84.19126289570636,41.11050357987854,44.83191289462955,56.749832428271596,64.86125201343296,63.21836577958091,34.44475375541798,58.109496211961115,49.98869101151744,63.83009445968936,56.65065784459655,117.65039627532472,41.17320475704842,59.43301704102238,45.74999130029345,41.1028253206894,60.41997123016848,41.37992302686825,40.69424722462613,44.42055522923735,42.53671968579367,42.590937038656804,45.94771855909771,53.05754820699884,43.70614949561355,41.1355805859117,54.6224881352333,48.20116001175013,71.12083848393218,45.18930968283414,35.224890502777924,43.48841700652714,57.29223855982629,71.28793666455807,56.20689887763166,67.29376580276347,40.54351865855649,49.20995392673029,58.66734516267097,47.203326287498236,43.41495058828263,33.199263837029264,40.98972300764969,53.15177686603127,49.974856605644824,72.61862427827988,54.91172963330283,56.59958389288608,50.41262723761637,65.11588086309779,51.85761318111068,56.41222430947364,45.12628080071977,48.02215055061294,68.89956668521512
2019-07-15,103.57178081715686,42.67898099265075,40.84421065250093,55.71056072923689,64.75344521621577,57.28012947838431,37.06704326970397,59.30069937159429,37.06918960620089,65.85000587400233,56.99057721403158,121.05298820608662,43.10626613278208,68.7919752517733,46.87945870979331,39.649820025282196,58.86434184018493,39.435803427774005,45.26417978391926,49.03598856720226,38.60741433779887,40.797564206541416,47.10135862760245,53.972192088067345,47.85517964957054,44.858002809822615,57.072503139289665,44.8956131471524,51.99747171392125,51.69037759510067,39.825073598927084,39.54447090981009,53.034694179366355,69.22005825513385,56.392468001884936,67.67976758582007,40.37962558803187,49.342908862275195,58.48478609940528,45.10527990898017,28.74839829912067,32.586334043726,41.29112890239692,56.09892117757063,48.86164808216612,68.73961823033801,59.322999424823045,56.14964346775627,50.76674300750847,25.25087346282744,35.9535548009003,58.62027020826941,43.78817048993355,53.37132762484674,58.98690777408871
2019-07-22,85.56876581495854,42.52514611667184,46.88819425563773,51.95166769644499,64.16123611022898,57.73859630182178,36.28927885417154,67.91709289698261,37.87990564902936,64.9127030032942,57.20164779743625,105.11706413879193,44.292266232997946,60.00151468359292,48.41208764396381,40.923005808102566,62.217348991541364,39.63012192348515,42.996234612990676,44.52712615121936,40.2011478412667,35.24705745029005,47.0233635728173,49.30454787660923,48.7610046025753,46.1040529535986,58.580678179025064,48.060603760041246,59.30842607801389,51.80243989410575,49.64933970482135,40.60857528971547,53.343671433597784,65.71417073562,56.640178247273596,68.28730777379951,38.64349762053259,47.799426110344704,57.32284455160849,45.11168584588427,39.25761608718783,37.52576738818475,42.25325113595284,55.16000176339546,47.61853690413708,58.208027932038085,54.84152249678918,54.56343482544227,50.843367108532284,86.49627792853344,31.22193236376152,60.14777930450116,46.06334342194793,45.38428587896281,70.13894370469322
2019-07-29,100.93288531295394,39.07397563455322,41.14956350303404,47.85987197002829,66.82169185034176,59.758184721508435,35.520347096665766,62.142846152287035,30.74003440989348,62.9545242680338,55.31026399273412,128.3578961815113,40.40138105597212,57.046561762606274,47.50599292515721,37.32152604071516,57.72287117254971,39.3906831260935,42.0484725097595,40.389348411808236,38.87187033984561,42.9483385388293,45.806133445647156,49.65820496324473,49.99923744462297,43.75544346138819,46.42159894247324,44.54272827319378,62.94231416679093,44.90608743983036,45.85486530113219,40.53270658763397,54.58959484147218,68.55865913471013,56.08406616697058,67.93493801784398,38.22605300518692,47.739474236034255,60.40743537079325,45.334265971909595,37.53610405361515,32.14049620553824,39.80063077342441,58.612885118403085,46.36585085111128,57.268305816105155,50.38053874780042,53.92447071302801,51.14410804160739,21.45372258946162,35.18624852696664,60.19538562424458,43.11687499162233,49.59998709791876,59.799063488550075
2019-08-05,101.10250469591944,37.79795591622118,44.36804797853921,49.946489333698864,65.86331748453046,60.149766871778134,40.16230269199169,71.89762251248933,37.349915240008926,62.45786669785323,53.28602512045168,116.57396657873943,43.698822027992364,70.63594696735262,44.2003794296998,38.68308294135219,57.245960800590446,36.939821963022816,41.25855117807506,44.05241435415105,42.1244214821006,46.190827319662084,45.33835063866094,47.596762564454686,49.80214734136397,37.49706948647669,55.45679105142806,47.446441119262495,54.422205656971286,40.11207344339943,44.04285238770121,39.72171904141392,50.778414226425,74.34077547001888,55.01591575742073,66.37647160481767,35.600398925910206,44.669297898319805,59.804238234100964,48.144257826915904,31.436082882736084,34.57299795875195,40.51836214535223,53.33454179888343,41.679569072131386,56.533290289742965,53.74663047928001,53.588097385360335,48.875016499408694,102.80982751813139,50.32446843997394,60.96914733433516,45.30780091826668,41.96003658057649,44.86136821693344
2019-08-12,88.44322332410663,36.53874895777176,40.4545043579296,53.727957553411244,63.95664969181544,57.97082148681233,39.97304682758383,66.18304647460008,31.08784648842305,61.78571064319148,54.01822456703861,113.15124050245093,37.39066154933304,74.35274383517671,44.343912887630935,34.022643016076586,51.0361942405503,32.89554753475497,38.55153519971754,46.01343902988704,41.89644216468699,53.89273088070829,44.47784638200687,47.06113226704554,41.99010231807171,41.02437667749029,43.77443653115634,43.55561214575685,42.603648716450635,39.34326809627799,47.819635480891044,41.10271799131605,46.911417998880324,60.48168931012658,58.04457927097005,69.86939138934933,37.13587267524359,40.74215492721805,58.87934838707292,47.706052961926964,33.868392881579744,35.7404804717768,39.18449087041709,58.19323053779491,43.93781671393717,55.06747359875058,44.50602600882349,52.56265811409226,46.9231926309248,35.27500587446071,47.94949144823037,60.284231907437935,47.843940599411866,38.34222227520279,44.60917346333568
2019-08-19,70.62788594546706,34.397053736830074,34.00456668212675,48.23832931119269,60.63894019118778,54.03413949159404,37.11678533023785,64.41769153688799,29.330793513627928,60.67964167181568,46.38286615847388,119.58542358923002,37.22920064202311,61.64583452125849,43.67236982647695,31.229619204482038,47.08391959594123,29.171885992145025,35.78725119201498,45.567940010323156,40.82701526464268,56.49263788973404,45.53931836346815,45.42006660871123,37.12253240765102,37.671175541595616,53.88805477554701,38.99212156146823,48.47493595833171,42.50895558392302,50.25280027194252,45.48704870396358,42.694863011750364,63.55789126020319,59.14823682056358,70.82350690510347,34.124100674554434,34.26571196533314,61.767679493266115,46.44427770689734,22.64009345601127,33.999813146037454,36.78625331127622,46.45006313083322,39.714415170189014,50.066897820509126,50.96227746533774,50.00191347453749,46.0045998664595,82.33372049092364,43.30779533264285,59.0915714457263,43.49260917500563,37.315203743330315,66.89287895124369
2019-08-26,74.37798731174234,40.67685008607863,36.6572096015069,46.63785395179432,61.91195914319979,55.96518397223269,36.59319465051515,55.56668340187242,31.781850736965207,59.812688685368656,49.74267895383184,108.24506513913657,34.19499622389005,60.738246074954844,43.21651213885874,33.61738946254056,44.5562934093374,30.581422397695114,33.6223627519101,49.332748260136356,35.721340777757575,51.66574496879143,42.288871112560216,46.697527642789474,42.48112583053304,37.60429702304091,65.30424875760671,38.727469964416954,54.060436288296266,37.849053015986975,43.484967418907566,44.26166376828481,44.04997097938064,61.03068838472368,56.41416411963548,67.98133607760322,34.79310650568576,42.2342375506484,60.498972023198334,40.587261978637606,32.5948895713246,34.06692402111511,37.67539826673724,51.76199180063624,41.9818790029052,49.89086864892785,48.42981204854541,49.83887435800507,44.83349888030197,104.84258038191442,54.428536684816194,60.606042089845516,46.908764543875655,31.317132644001827,57.299303494077904
2019-09-02,74.31684426688854,33.59303984200387,43.318536545284836,46.69492330814598,59.72034524792916,53.13878797867311,28.03247137779714,57.32572713529716,36.717840860942395,57.60895711205447,49.94338260830254,109.10321263430792,32.91562816289947,50.18874451079865,38.7221030789885,29.475495516713764,46.62547538248025,30.86355633551642,35.674163611062724,42.35496864915306,31.468552835542084,38.889470670376156,37.79151478118271,42.97664780865239,37.83765028912673,39.25303268606576,61.36559222665474,36.355562296368326,38.72126647589527,38.80351897330553,35.259907836873246,36.4639931371968,41.533324836128855,60.26088340003919,49.08987330947231,60.018839385195044,31.70018025649969,38.50022594134356,62.051554051092666,38.5021507747204,37.51697964718173,26.013257424063124,32.60513199627868,49.37474148271548,41.82811135070747,47.845071126716604,52.05182275168459,47.10311731478147,42.46447309752483,168.81088681459312,50.779359845474744,58.624742996177254,34.956454516926755,42.74993542153176,55.194502761823465
2019-09-09,66.96996931548927,34.60606640815121,35.099985631422484,48.7211219979696,63.00666114216997,52.851902665562854,32.86902157285931,55.150156662141356,35.6547491735368,61.41539147019065,48.45182443556533,120.02772659875039,31.791449545967197,49.89122379013326,40.415968116049925,28.423103566686265,50.01240369355781,31.72930353058159,34.75938617485406,38.63161651963647,32.735177270790004,51.55971892252287,42.26224616330262,44.93366941601997,37.23435423342024,34.84929125338107,66.9886518131109,37.86582643029179,40.683659014101735,34.8710442109703,45.73307385475614,40.95791875723631,39.19764848245105,64.86595142663634,50.995868207770684,63.96490381167694,30.572208246579876,41.49155286813115,62.33472248206814,39.742622777936084,33.49204883123721,21.687870848088075,32.49768865197762,46.122075460100255,42.71779203830567,49.808418796883146,48.23572937800903,48.45665078315898,38.785458118300994,73.46570354000285,35.13167137298507,63.59433985110373,44.74842256888941,31.991949466143872,46.33968687294823
2019-09-16,75.69699620463955,32.857704930822564,42.189151435091915,47.49861346590718,59.36660261559255,54.61642611828797,35.481609872940766,50.21764073004389,36.32838104079743,58.62396447984638,48.74681587495155,91.95671232277657,33.292361155600105,56.4090466218399,40.80212466524693,29.620236362912717,45.130914110824015,33.94243573433384,36.53829868438103,39.457690435998565,34.01810723098346,53.22581397142191,41.699864743787735,44.4468873441712,38.78087128018338,33.93903648861097,46.35804124904798,40.61654505569768,33.08132417570479,39.540636949341334,40.89042917493485,35.181556321142,43.44129670022556,62.776942608783955,50.21315358087614,59.97772423706369,31.518068808237253,42.75892925522428,58.85630531723005,40.90194866840416,28.796990629846114,31.894632097918286,36.42996985762261,46.73596799458487,42.40156838608162,45.83745089831702,51.04945368139141,47.382993695116376,41.12397937198828,62.95552852818695,45.57130853691516,63.44388284505675,45.314462050165076,32.2336650257359,46.79780877940293
2019-09-23,70.2176491920297,33.265368439727666,38.77159420695215,45.193731836462206,60.2358743890304,55.97669455419956,34.84302067232408,60.22139461716173,37.07009910549584,60.4675200152997,47.95734014615733,112.01883038687046,33.45264555384357,53.84585418223415,38.941833357649415,32.89840667399141,45.09823947020514,33.391597026227174,35.338646440021854,42.8282721708968,33.04979989534205,48.19812419467997,40.64165894137396,46.36730150621811,38.19249212545646,38.75168894673868,53.052325234752686,35.05884744920766,48.441563122647786,37.370457822418935,36.49375012067404,36.73708349792117,50.20472761828412,65.01476486557706,49.46494187401499,60.12808988823346,32.13525665707321,37.07961191752402,59.90701015869376,42.052313038452574,21.475255589147658,34.1476740181017,35.6179733201422,59.891038520502626,42.748377410439026,49.35453040980895,51.42387268449715,47.99341728532131,38.83848358495959,102.24285913388078,35.17929290511145,60.154223134356315,41.33650341760959,33.04475382675756,47.99945505320957
2019-09-30,91.47073569649811,33.85294428429145,37.51379519701365,48.18695811814791,59.45798126594727,53.777372423511764,29.403850730048557,51.83700926976654,46.070094995471024,59.638120710768156,49.091332094968124,121.02031138981211,36.90256920400516,58.94815427162074,40.87004835594066,33.26285548741297,47.97682448971436,36.570250497246136,32.89416651698301,42.31950229691558,31.800708872082566,48.58048104857611,39.23539109847025,52.42851732375548,37.26113474955162,36.80365612359448,48.0397789665518,40.997065724038826,44.93752151076645,37.22075975139078,25.883353453050994,36.68048873693647,46.269049057883336,57.25742116355735,47.5932303903834,56.8358444526635,32.473601469782714,37.48599425771187,51.993168533078105,40.06384299680375,31.33827882279546,24.227973746537792,36.253871758069664,44.82034483368624,45.31495060841752,48.764866683685206,48.79316624658927,47.71888486703246,43.438346356540116,88.95948419954335,35.8946526473294,59.64490593203326,41.55252922325886,28.882802162874967,58.91815626487767
2019-10-07,98.43181287427822,38.324453358529134,38.04427072879912,50.78271337926089,57.052814160230255,57.66916525313544,31.066187977297282,56.44188243198469,29.845738615318066,57.72909701093908,49.50338877471395,118.73251628002757,36.23191315517774,49.58011616944561,40.96063693872368,37.81164933179125,46.48854326306912,37.83021229882602,34.78422967040652,42.40159878725602,33.500908572120125,45.80560612662959,41.10443247368558,42.448698937528796,38.57653739873389,39.12090453108984,61.89385833398654,38.975697972654075,49.22837971481021,39.70439453083582,40.478861980618674,33.52488509675743,45.473984668952234,63.320307449429535,50.74159568837132,60.411958585763635,33.12435280958916,41.462562657439655,52.93391500435579,41.98343572810339,31.67505550649373,38.94909877385341,36.1910831579655,50.456889473133785,47.88889954455232,49.46713494671489,51.36412114671428,47.94063321479464,41.32536023042354,40.91702527767533,42.108514985977166,55.726016710385885,39.25768964327092,37.27576702437094,44.658412886359976
2019-10-14,85.98446192597362,34.607992422137215,38.71518113258811,47.87688006911625,59.666064868029125,59.20424586979669,34.842353363267094,53.23853986070892,34.78299182761463,60.7116552317011,49.70010497178252,102.83628659953914,35.96198424317976,59.37630333825987,41.76061029832099,37.49832192766312,46.47899628009152,35.10567682063427,38.079071568547405,46.92239310080633,34.662124329228384,48.7349995226374,43.297460549978354,51.64521602099905,42.13419267730601,33.77911985990194,52.07095208761097,41.68707098581152,49.728528909560765,42.84304856917508,40.581431079873674,37.943266104881346,41.67139476832966,61.64470540918448,51.088809096804056,62.23637994381771,32.63962063172228,40.83893164985993,53.86506640699332,41.27605620138202,27.967412012942646,31.08113162763742,37.656396634147534,54.89208063352917,42.91954085656238,49.062692384444546,51.46720365508034,48.857547018645576,42.26209933660543,140.09427648011015,60.44610611836629,56.6373276741555,38.82432336785602,36.75450737397027,56.018157442744446
2019-10-21,79.96719810097319,33.29049096974671,38.120866257810725,47.834792293923115,57.98675837309097,54.06721308083002,33.32503374811682,59.278141605518975,28.10958463193246,58.859851150385296,48.33324152001402,110.042407275472,35.81830927744896,48.332154875056716,40.42065220271929,33.90623966441696,48.25681382111513,29.958036928989344,32.255546512043914,42.05900162884721,36.08896566399224,55.81532541036992,42.00524004263626,48.30123076353348,38.07660360795074,36.86710405051952,47.91954110947111,38.41372559466541,53.36979093806648,40.254308636568105,39.62506167939436,34.67663907827992,45.797430460816976,62.16267413742019,51.12816213469556,61.484008951646004,31.84168979253845,37.794333083557234,52.8220205785248,44.022638277051904,32.41355470134547,30.988953448097377,36.700264593050775,45.38531465300038,39.3145443141743,48.39215608039983,48.48777784605807,47.548722653013584,44.16144063677418,40.044108540227654,51.86927711351471,54.69366293898412,40.3933077351986,33.62836249380555,54.142130672327646
2019-10-28,96.22127616784961,35.393723206569625,34.421781432483215,41.33129424780433,54.82908803606225,46.94539087016506,35.07493838937471,54.61105574756672,35.9663092179206,58.36167581489868,48.027582222921474,110.75216309396066,36.409882113793245,53.8786031162347,38.50652844437142,29.66764394969864,42.06987503790323,34.798373305729164,32.20453034685541,42.84654068858038,33.784818882606906,49.01766134998311,40.34849943924828,44.57067554584724,37.99966240050237,34.623032502758505,41.64273547015341,35.96431093354765,48.55438956240753,37.63062993376785,42.04140303240506,35.94124321469905,46.93478312821739,60.6774599143285,47.43711059259603,59.497785569664075,31.172868940492602,38.15517605340903,48.53265928612746,42.11556291162824,31.521117341817828,35.66708909966122,33.09218087082483,40.30435810908751,38.35378399512427,46.87200983847515,43.678176646250265,45.82735209333047,38.5952931475756,24.481717042102552,30.490160212527435,55.55735834303415,47.68015007175502,34.959728856354204,40.637769027951926
2019-11-04,84.10180450240462,31.66023710071433,37.61533573835662,45.31010042173464,57.93762563031758,58.8279985826197,33.761478146990235,61.54457638101911,32.403557353584056,59.69028237648611,48.6461354609121,104.42022503680415,39.63457978156981,57.68997894750629,42.752700849342425,32.1465879280867,53.391321526415425,34.742414707154296,34.108601280454366,43.20575920478782,37.263272161827395,49.70527888095224,39.16910780198115,50.50898219762176,39.946188468104204,37.072949469124474,52.91047063961365,39.722321560675994,47.35111642224827,37.890694809427146,47.6106858005854,38.95739080391848,40.9969173689863,61.65337725418408,52.19872257373649,62.2456528157937,33.50784258958252,36.38667569593824,51.642327548141374,41.83136905758195,26.50205398840012,36.04056438576582,36.736418242925936,50.77371405000529,41.726404477956606,50.48856318869803,43.54685429145234,48.56989920323287,45.42058918992017,77.42603921893807,41.93523734715095,66.48437537137514,41.19632562378923,28.914517872576816,54.780090648766425
2019-11-11,95.81346972961855,33.52053231116285,32.03395763499203,45.94395126329154,57.444188022910026,51.08917794260051,32.27452098090754,54.234249056797864,40.44369788710495,58.71250837407282,47.55728419863509,121.86252284412822,34.58797846848331,50.675075048013454,42.657667272478946,30.72501311109583,47.237907848068026,31.010943520482527,33.55909562090617,42.662807074347214,35.52019369446745,40.22607704157101,39.10694711960311,50.55520217105757,38.54612589121917,36.13079367943087,47.00355195383492,37.69573375364739,55.635293850121236,36.19335582052539,45.78874404364339,38.49730832380423,45.05394816006141,64.07825002294442,50.570426798891056,62.15870339580998,32.42810820504957,38.02442492261492,51.010288431663994,39.775637297571144,42.87887615103989,37.816456894358296,36.062630871114514,49.27865286201549,42.061536705704945,47.17118992619993,49.292360919718796,47.34287805565743,43.36339948274714,57.60680609621603,47.39757552131097,58.15961926122711,41.62584892985279,30.26238178548658,52.24548853404916
2019-11-18,99.2791573698417,37.67159671297827,38.048523174726775,40.591644712508874,53.134458793293625,57.74672373980603,33.51229274212818,50.72774290320429,28.07046363611077,55.750461580785746,47.84925767629293,92.69998093206297,31.914882455615267,55.51323106827242,40.18689442009296,31.033419154948223,53.10857605586073,28.825710983185395,31.818670378086345,40.07597589121759,30.649249771820067,45.457039684245785,40.17325681852548,45.474051155708445,37.49930878220726,41.31874170240102,46.39299390792778,36.40706862478655,44.42694399318753,41.274411805462925,36.665218203703205,35.34969183711662,44.99975390825828,62.05182392483966,48.0007081420072,58.000631922105015,29.42276805845493,35.82095428004702,50.33757916722098,40.35086027168134,40.049258988547614,34.411156496727706,32.38966524108674,43.372313131320986,40.80348538130849,48.353442550927696,55.097924360211444,45.86879126457266,44.393069001033936,94.7358425916274,46.450507947857375,54.54948655081507,41.12246675643538,36.819847709770016,77.09218896695229
2019-11-25,91.16617952025537,44.51016012637,46.29576822940587,50.01376300749314,60.485040659403644,58.16764212627167,26.901547130285604,71.98997753039257,36.244212712837005,62.309688689814635,54.68305459729494,98.8487041555082,46.416144608338364,59.44245366933858,45.2752985189163,36.51177712125862,59.07054666562209,35.103731589603974,42.139093016586216,42.47226947565146,37.99133769166324,43.243890358550715,42.73192348075623,49.1528204214921,40.45493076936921,47.130315140533966,50.24554290483072,45.47686486032108,48.460925350175394,41.1626786131416,51.465191364266836,35.924240347342234,44.89447413349347,66.6534614612064,53.84404216394932,65.18116268072357,35.40670504606896,46.570587555059824,49.856546186426066,42.55998589756417,40.66646702853128,29.26491758822759,39.37149219381466,45.78429581390989,51.01978985727388,58.01871146621307,50.62313795551471,51.86881061622195,48.67907722572923,59.483269988622055,53.26517736778515,51.2100308787111,48.02288575639909,48.09449509411247,61.12805010954967
2019-12-02,81.83003754629006,37.825470190685806,35.86943949003019,40.912852295043436,55.74983795890624,51.227498041574314,33.83666635300176,61.05827908638086,26.429540340435558,56.53399737049385,47.10603579457311,114.79161391813648,38.63130943093184,48.81229259478628,39.21251160043336,25.857309027785234,41.278423261468355,32.29344491380263,36.379751512451236,43.74030295737322,34.6175368016809,53.37485342691902,38.472168387782595,46.05865976183711,36.39534602571473,41.51582957162637,60.00251684613163,36.59534337384301,42.51688458243608,36.85314087203683,44.21752985895318,36.572096391254846,38.55225288370895,63.15486609332102,48.752289752272816,61.720291303804366,30.182740337852415,36.381555285360285,48.6792184513983,39.67722343770513,32.76636641615515,26.294334255715732,34.92211692424064,47.819142422744704,40.29606867024163,45.29513082664095,47.52315317029795,45.77681544746006,41.71516730258058,134.12921969240756,41.175056290861605,54.69392611634213,36.92775635547367,34.974570083404544,43.59876133541627
2019-12-09,83.96014578505117,42.67717510678119,42.688939831798386,50.73877814128028,56.01655319023071,60.3739059116626,30.062523440430965,48.14563177468696,29.36257209671324,59.94755880917553,52.49157903078449,108.72459469575118,36.11348259133376,51.048542473763405,41.69739702893998,31.599087070511363,49.854252731486994,32.21746604974265,36.75463691617618,41.37170978076509,32.450501174446146,41.2600591324487,40.72409218458077,46.03522702753813,38.126660360719626,38.79501327564064,61.08685844229062,38.84240248760248,48.48484338964364,34.77531329900534,52.01713968487186,34.33901445407942,46.4261838157306,62.184662322618834,46.65233737000268,58.68076153205109,36.38387676135718,39.92971168281172,59.36263485883584,40.72593642497616,39.55943989046298,34.075131932987894,41.00468173443091,50.03204886139596,42.981918877776316,50.0423271658897,45.65512894757635,47.91665057458126,42.145892692588994,132.6779017605756,28.578459904119228,61.44763901196862,42.88651693793517,32.2527646458895,42.199369714013265
2019-12-16,81.35079829079494,46.01022903732156,44.819196997263425,52.272312516794614,62.8893146811761,67.57155937998961,35.333485080288916,71.90491426358678,36.438136236968845,59.378744308282066,53.61154028437323,146.63999172970628,39.687755338863695,62.34398331019173,45.65723629187365,33.72525344266258,48.0217093632088,37.43081862982208,39.33592240548847,41.58429909314939,34.72711893941026,39.9839251963375,43.2000171080157,50.34025058383616,37.87903618603982,46.16617588967487,66.35036497558853,41.23937967898388,54.90202274962344,40.7269826611973,34.03478331848899,33.54889092260921,49.35660924297116,63.51697102769082,54.768241823176965,71.47932959964064,36.49524950604318,44.86150693020691,55.12623674104866,39.42831364040153,43.01950687721039,26.220749404138143,39.63029854113783,43.67582934229595,44.42681171161716,51.84609997041035,62.900134072539714,51.157064912809645,46.429361943244075,74.0296009501216,40.14533913872298,62.0096373030365,45.34137537279831,42.538367353820725,57.14861950250361
2019-12-23,79.19740033881652,45.12854522819367,48.55913109599269,51.29607837591923,64.27510763811362,64.125499839516,35.024021009451886,78.86915373513571,25.0005878372482,61.043812141620016,52.5897093403239,119.07387130630887,63.384048101958946,60.35494530511293,45.61504081183167,37.024483692167166,53.19367923031893,38.163856051749356,41.36817675774231,47.79820999439035,34.37981184443378,46.73794116126223,45.65366074336236,50.53513071516941,44.473068719917514,43.89532964636337,53.902736371233075,44.52318914926059,50.00416597390227,40.15659084802389,41.3835887572916,31.766629295009494,47.84159886350795,66.23914401255956,54.91850806864431,70.49523836825108,37.19974370092721,49.44113668013663,53.3916290208539,41.57989285884432,30.842387661794422,35.309353116545566,41.732150841811844,46.32506944206019,54.3789982119542,57.39271212044696,59.14646234697228,53.23589013325152,51.694003949354844,83.0293271417216,40.74739679287159,61.515470070248476,40.15382345616137,46.84353345604888,55.80833451045794
2019-12-30,86.33388292002425,47.654308169303576,45.25791039825559,48.92060750502804,63.29440524093769,55.68075484346881,34.34789536412757,67.6589531150177,36.79964024575358,59.898964455809725,54.61323617727811,138.26520134632108,45.82418944188349,53.8039645328994,44.64597958307965,40.17400046769017,57.97307588273974,42.08188597637429,40.516475499585525,46.07652557731853,34.16198882814197,36.17921952951832,45.54001724223337,48.51838411438923,42.72570588782249,45.89723797569687,69.53500232702287,41.95178893896374,49.95310103666393,42.979606649016254,45.16142081752244,34.35870683131479,50.16527612468951,59.970928709055784,51.82226873531816,65.2382624283936,34.2033856360406,47.33245938881669,62.11695531875105,41.1575408308075,42.230017290508066,37.841898575188935,37.55087812566762,57.00834125314045,48.86902426376712,52.876934992815286,58.33181917763531,52.03471360227679,47.91850492342098,119.76287776468502,39.13351204814869,59.78970578158771,44.55558854887681,34.166769530322505,63.22920718248595
2020-01-06,84.93946365080893,33.678162100275,36.12022190190716,41.89987401179729,51.94296445408611,52.88194285360171,33.506330971858866,63.768170927576634,31.290677043017645,51.79289832146793,46.038101805448825,104.4969315463305,36.12614669323044,55.22497493915046,37.14580691254783,31.999334388894127,43.713730224847886,27.094611519992615,35.089013307514776,42.4741200478222,30.489396889111596,46.73271213568731,37.20672031173576,47.47767547053174,33.835895488255744,38.17309956759336,60.49336859003639,39.035626565609746,69.42421594263546,39.343197550828656,40.45817671217496,36.38727590231697,36.50812212824169,55.1610526329723,49.666358357881855,61.742657821938074,33.21728960772598,39.64538433312972,44.79743028712207,41.46073663412001,40.12566266121884,36.55396788455174,37.10921907308015,59.18316448514349,36.5182843515411,47.614455457546676,44.954807139635086,45.34468600398088,43.99255839892904,113.02193397755568,43.146337613777106,52.76988674372375,45.05755230623344,37.37679282176097,52.211672608577636
2020-01-13,71.6725139155717,37.257653839976136,34.35258816678008,40.17771859005487,54.27462931270873,49.53780306297628,29.091990401738816,44.81176464537503,25.30250401401815,55.03083923100904,45.27564574939079,96.47834533145854,34.47728207810579,49.81483577808737,38.524720302084056,29.765702339576283,42.58291702000377,30.793725644439206,32.96736210465111,46.02963320816236,31.775648342415042,50.08937565372625,39.746543449449504,47.80316102430197,35.11708266128949,38.50415679650348,44.43657652642581,36.41009840377687,48.52324859936344,42.15253643304468,29.932403952951624,36.41840176065328,38.640138250825466,59.935681328479106,51.364704131145025,62.563410989927974,31.713580674018246,39.1375125087759,50.76808274752392,38.75863469566188,34.95954588823086,27.316979536852298,35.61971542991016,45.33306215646286,38.89853374119617,47.088560432303616,51.99523234876953,45.616953391417,42.628133226573716,95.50272119510525,31.456646208469923,49.990351614873966,44.67245422977818,32.417858820074905,62.51922471684765
2020-01-27,51.45505298790342,30.933612983668212,27.13724709684872,36.81582835092584,44.61372152798762,38.728432605284745,30.440277458157638,50.208069055377685,29.347820272061277,46.891122485638924,40.96190756625129,90.31768148459658,30.00693646907734,46.09467669147673,34.36935489938387,26.580257279052987,44.03195167057055,25.264477751215498,26.627523194612788,32.71411793890704,30.322305110352517,41.83443877926432,38.39671147029244,41.392867085264506,35.59775132288688,33.19174820637965,45.241367001116636,33.31253282346696,45.24559837036916,39.02151038568965,32.119025883096086,33.23642161559926,31.88141051207074,53.795760058378015,43.240228392983155,52.19032004674424,29.76444936668382,30.50812965516289,42.055746209631295,34.28413124191918,31.59510319148353,24.447792488755958,29.729531686910093,44.13737737451934,33.717651129975536,41.031192957837064,39.822773734734334,39.482595793039366,34.77632505511748,112.91111944372126,32.24162181366043,42.83356692536675,43.09096446107115,25.777760038817206,53.50385977095131
2020-02-03,60.434975467665694,26.538275012930075,28.98424416003205,30.60083663482265,42.27219796762016,36.8103130483993,26.158052180891453,40.690427344466556,21.507319952766004,43.50061307067875,37.42439938456399,63.10706250631448,32.905529543580286,39.64099645293326,31.031099022659806,23.441693430033943,38.8076833803752,24.660978387027846,24.93432897721372,30.747570197722492,23.68872285361571,39.76770002819872,33.93081082180588,39.330040983254925,34.40453628615224,27.6827790725451,46.23922600875306,28.988553105479,40.517917378166,32.21509561098936,24.21605111747181,27.765539658466466,27.976274563696077,49.99511544091902,36.70250802781235,43.137431145657104,23.807573232938303,28.259893487290448,38.790568865111595,31.22076869961376,30.808916759119164,16.17376958642638,26.565840092472165,38.46680245186435,26.903750204513653,36.69649648782106,36.92944286358041,35.47108575933981,34.44257968946549,78.76707929596789,25.391546167027236,37.755340074732125,34.83610305561941,20.298144549875115,33.108782994206585
2020-02-24,66.30398862850494,34.97619771026045,37.64850015641493,41.01489231713104,53.78883455082041,49.76817023320645,37.81557063087777,59.8108727188123,37.63117346676468,57.72421824965468,49.938172642314164,108.37876186909594,43.03832052558073,45.66208571246395,40.731858259168476,32.42534034032389,45.02821303328,29.435591689198173,39.399871697324095,50.02378355008959,30.466553709021273,46.60454375908238,47.8873321476888,55.04979318958301,36.60237581717571,37.602282330544796,49.637422562152445,37.18030465168224,53.69726527313242,44.617782551959394,48.97623212798936,37.51439877090137,40.66024673919513,59.24096884923314,53.91873459125064,64.73331371661335,32.2021759044147,37.56525121426401,49.76507362620287,43.115399332185525,46.41146620379553,35.555814002928805,36.435277380526095,51.26600800791905,37.579673411277454,46.88415052745357,42.80588692232877,47.163744221292,42.58391391084764,85.69769875310226,43.378138356250545,56.57805834202822,40.610347002292826,30.145869423432785,37.07965420443109
2020-03-02,77.31394727687538,33.482741598143186,35.89375092988357,43.04355404169784,50.41826503404841,45.89713054669157,36.57228873614071,53.02721092068707,26.055995420336256,56.02586529981348,45.685903874929195,93.34624973063345,46.150662302803724,48.57782009260248,41.08580002444941,32.52728191804192,45.896564240482924,31.727435711793632,32.04756839561968,40.29366882073443,31.296350521067513,47.4385028138642,47.80860301199464,52.32340706167752,38.32576460699416,35.733501343493806,61.35276866575122,38.945648756117215,44.98489975897665,35.725626355399925,61.539872483318675,36.58820781990897,35.158290060339844,59.45527874941461,47.62587192153307,55.43515231076626,32.81639084071863,35.36601882088781,51.703320977396075,45.999284615257594,36.934077195966246,32.081742637316296,35.42901674760503,46.57264350819048,37.92956391176759,45.86732597026223,46.28972539852834,45.41195042221107,45.67243173597619,141.07568863213936,55.928974572197426,43.76051782536016,43.24070120687156,28.402571547712096,56.299543913361255
2020-03-09,47.8949518603217,35.48906838010952,33.009740544293464,42.12395926717674,40.73424132359688,36.876414780936756,28.356987118645634,45.548311897783265,26.12302894620811,51.35619723523746,47.23786876391942,101.75466681509877,42.793883733475724,45.755919121748875,36.63889285983767,33.31378010151706,43.95910926513639,32.49581715830078,29.39974061733363,33.09846296295271,25.391764348222146,43.011176632382075,38.64047879667374,45.9447510740786,35.30066085001915,44.6977410180201,43.91686102004552,35.32308684490651,44.68538713749518,38.57451201197246,38.036467354557736,30.898294900627373,38.42136443412271,55.02705460535133,39.27795528716563,43.942518592285175,34.34644546820531,35.17413014059559,38.54671265324275,37.70646788971322,34.11218138853754,35.994623728552334,33.82545267263154,53.23433663192254,38.650403107041924,49.70892028653209,42.93221043855951,41.45040672228001,39.56077336343884,128.67138504619456,38.05321688773304,35.43194488718779,41.54437970638141,35.910802153521345,42.35582836411614
2020-03-16,34.152863437313975,27.971323818787205,25.544870683571045,28.26078981579767,31.293837593641534,27.888428520999092,18.03991333430264,29.888445831232275,20.80398414566331,39.28644017422918,33.6422016787252,75.67270646497393,32.46231290355048,40.36896497776059,22.49124341473782,24.549870453292034,28.229280040037313,18.97639182699757,26.67334896352748,23.579478868669327,17.23932100910685,34.02696350071566,24.64859299561395,26.783729118849614,24.97157367416686,29.798379694404765,36.70011918595311,23.7896732310608,28.359312613669523,22.122476374542256,25.183401966678378,17.53955226399435,27.319727029333745,38.09620582684542,30.87879445529762,37.50355947035524,20.461910082703625,33.54559057446723,27.29405069303483,22.145247070324448,26.721866173493133,19.30365762653917,23.29362484784187,31.692014721481655,26.76078006082157,33.46650953815008,30.839531485916222,29.39813835549098,23.32429960004896,99.105142145347,21.202052407539707,26.01692062001129,25.865625716459363,28.624109785997856,46.931656935596045
2020-03-23,28.822897960927627,19.27971942556303,19.12532366054945,22.47504356236963,25.980465766697638,19.759382791764896,12.665332560921886,13.211859703319183,13.982587116549192,29.932617225790164,25.272786906994774,64.60796962383627,16.52279543073342,27.780901641781945,15.439419265413303,14.058550839368193,19.11293329203204,13.988475356126827,16.624502041979248,13.598647386098973,12.378418176834108,20.358182714017662,19.585168464420104,19.679042019186166,16.00135334448455,21.385224122848346,27.766231780903794,16.84714493037339,16.64851843552666,20.38796985713378,18.143420729068037,13.532409428651269,23.75653070333616,30.562569632067774,20.578972351657743,24.99110186018775,12.944424779607882,22.3725883411612,20.902260313921072,16.944586359339542,14.546549233945669,10.085957980426333,17.029247746533386,25.9510779565345,18.078385503006423,24.712352313050864,17.74705718852457,21.641080041462047,18.34176733570198,28.606918808144535,13.825221742025516,19.958472658922023,19.793403633346884,15.726321392129545,36.394381651586876
