Dates, AK,AL,AR,AZ,CA,CO,CT,DC,DE,FL,GA,HI,IA,ID,IL,IN,KS,KY,LA,MA,MD,ME,MI,MN,MO,MS,MT,NC,ND,NE,NH,NJ,NM,NV,NY,OH,OK,OR,PA,PR,RI,SC,SD,TN,TX,UT,VA,VI,VT,WA,WI,WV,WY
2019-01-01,88.16235179657313,56.28624039564405,46.1121886114602,70.55240254459278,77.50871007140866,67.51606967329337,37.88260534868432,82.88748186438548,37.41572141061777,77.1370687350355,67.42419733883112,176.96814960761785,56.82436582671285,64.0042631252205,53.918745230088724,55.04623966074138,66.69481345111294,46.523621997871565,51.870742971362056,52.02451729157217,41.68396126975751,51.919322302915255,56.325655931923286,55.1855738663606,47.3971732750912,55.872951544844085,75.11456139486111,48.56559043256576,83.25407220750414,61.916517199029734,57.12840171623562,39.52446325136119,67.03056627861937,73.54686485844546,70.95376090480767,47.70834757263645,54.95123363432203,72.09727989943244,50.31464101465571,51.98912122570224,45.136454431365074,53.59560586626702,66.5118350093224,55.06291503187539,67.41628447764109,72.67032598387483,56.51762111083702,75.88538439533714,21.665732713905253,72.41101204146754,48.948765805790984,46.22744661388825,61.762839661220056
2019-01-07,108.47101150360618,53.47122748975831,47.08669973392149,60.432523059853786,72.43332379284467,62.5463859064577,42.73689281401907,72.93576875940407,32.58386582999988,70.3835740862522,61.72962793918253,163.78718116930185,48.735413708787604,67.40073685103383,52.83563754162484,37.546694670021125,63.59439692075543,38.016657091672776,43.0462081734552,55.564326848240974,41.38160998257335,59.67710239257516,51.588701795148545,60.99818318847258,45.11510738799726,44.50038885713287,71.4025250444377,45.45601799438127,60.987137141014834,47.06925191082743,57.5935353220608,46.528659855427875,51.53757644062031,73.45869026954688,71.72701968232482,41.43155547787169,49.73726631753416,63.345352046010994,51.46118815184309,60.03144136187162,45.09068971666539,60.635230043796575,63.977842694869636,48.68869164736812,77.70491273006404,51.20349754144075,49.706213082130205,183.16286131342943,44.26237566330773,62.02343102135448,52.02075805201278,35.41126087380313,69.46184281225733
2019-01-14,93.60244654989464,38.14376234071867,41.53978701004251,54.23800369977197,72.59817002242079,65.98767900690842,45.012804658452474,66.72701599816284,32.723607516135004,72.18698748807056,61.08259983122887,120.05308931977639,38.25376083617176,65.8375086101943,47.9935682885754,36.669953755045334,59.505399448292,39.147289101732746,40.288015674024535,56.142089892103115,39.6523119794037,55.47157066943339,50.451653081282984,66.05289072142509,46.28378741840799,45.86949117109703,56.504255410812846,44.585542214260634,50.75602354068174,43.52779818904567,44.709425528799095,47.47773678237998,48.99156088491949,70.85788562957076,72.29357522891246,36.34358192238232,43.48707944517254,59.87780380382515,49.73337399572128,47.41572156797947,56.01978803138717,41.93457420175422,60.272528996356556,46.55539340477854,76.10732883505706,60.93564113902813,51.328176645478884,83.8485665787635,40.59983105627567,65.88253955534105,54.5125174706404,38.14536794308581,69.29192808907406
2019-01-21,91.56225495810557,41.32299025368443,46.84353275501153,65.69238939002426,72.90507805648221,65.9832282605583,42.94142820791931,75.01303583024803,35.96991476461668,78.60898228226011,67.30248183406223,126.4957385894509,37.83718440485808,69.4615036156083,50.64214513547676,36.64157166661875,55.85944469702994,40.07831750516004,39.56700301635934,55.926912620763105,42.20585444418764,60.03633056971284,49.94514354170168,64.83017488436901,48.438261330509555,41.48935761454547,66.12951144521733,45.62635077587738,52.21550093635427,47.770764590661344,44.511860099870106,50.74641154033241,49.657804994995004,72.0728034781148,80.91694018063855,38.483148251069146,42.170901085798334,72.10701110961737,51.96029075275402,52.15941267377886,40.77883768886415,42.81464718989666,69.4566843325883,51.92424686758797,75.21993820961015,58.53565993881271,51.92692675237431,174.0636542936418,56.644891473414646,70.31263387363413,53.75720252762196,37.032283677811826,65.69398049302517
2019-01-28,105.37558128553432,34.39412223436071,44.75300658666273,83.99964643259115,74.95151346558005,60.63515887554508,37.96090806497635,65.18906664904084,41.971501703713706,80.49695340494314,73.5308008381512,110.51534069449127,39.73699527143003,60.612653114711684,47.0417358544573,38.83714502932319,50.9283905311825,38.11863597719562,36.757682004055006,53.72155650258813,35.20326563019861,67.14513471330277,45.863207858106946,58.146019017246054,42.77915885108149,39.32190119327125,57.225969166181734,43.180795263777924,45.74623290021873,45.54045963845444,49.54943030910658,45.934295850219776,56.23946276176433,70.99402358760254,91.57626220150428,35.04847830279544,44.07014103604122,65.25762045583258,49.018415984810595,38.69761080967077,42.79392634527094,40.789556845700204,55.207026854710236,48.535682629415284,73.66096290561663,56.3096786052289,47.340006391722085,124.57298352112704,39.970330156045826,63.21185249178867,49.42968227487708,31.729227798702226,54.38266995350621
2019-02-04,87.0082669301282,34.32320737328566,36.991257456859806,48.68099429977622,62.19651125101006,57.11600134808168,37.02162605062755,60.41718820899396,42.747576496759486,65.35799673359445,56.84561373703727,108.99584965010371,34.02687581275693,47.55881888350365,45.79655782386955,32.64956815792107,48.353278548878436,36.50255250256586,36.55900231533546,48.72706611366426,33.8571989016644,49.162765767894406,44.57848684898609,53.48271570861819,39.24125263707205,39.51363699005411,52.58984517284361,39.95085975495308,45.82482462261074,42.77869184449307,51.81287071728201,40.28280992988182,44.59142016072354,61.459337718134584,62.717334701581095,33.10458115676688,37.77193806551716,54.56104887513568,47.830054021241835,34.833231593546564,37.125685032350894,36.98248104596967,46.25211970385063,44.02491712840907,66.87189224836868,50.490013290436934,43.74625826886918,55.97897334074257,41.59917952518627,54.55592174637746,42.523321234413864,31.85906227019647,55.561420886696226
2019-02-11,128.7022449996634,41.30644301702507,42.051181709810926,52.689476349983735,72.91907613818253,62.62408826080631,44.744341501756026,78.60698090030812,39.88891974581284,69.954864516683,62.13375173228003,128.55828799699543,43.905440485207066,61.963437267236564,53.387756596996844,40.84660488430792,55.69877425700142,41.13804964569135,38.21629298251861,58.255818182542185,39.79637483617834,57.733107123528086,51.741558631764214,58.18026181868675,44.494791518478706,43.26731639434104,63.21672905808261,46.79249749718889,73.23538496676238,47.90272502593989,55.608466258658694,42.59596532112162,52.23694216774088,71.12284299672311,69.95235361748058,39.38446724545714,43.56360410313095,62.31364648198726,50.67269916805505,37.66349556594981,38.68064472474287,42.35044231724045,65.75286427047594,49.24652799596628,76.9860469797167,69.81961072345216,52.815246073203774,133.02911156751912,36.2949052270357,66.60566726505509,52.62571884898182,37.473336648135735,48.22214447690677
2019-02-18,102.77007775639889,40.65422123882624,46.37367844942374,48.788204298410065,72.77730018793221,63.44213350667745,42.51899810387848,84.50816306045142,43.57806375217151,70.03757135371373,62.273151325190845,125.92575071127811,42.01438816310562,59.4508405601423,53.96371316026165,42.099068364109144,58.19454819586965,38.25039176570707,38.04629743932555,61.971164751179465,38.644129839057435,62.058627587891124,55.56935686046585,63.00876056632278,48.086039594995505,42.51813271376668,58.28812060590497,47.63341851845212,68.28664094223284,46.80477275905585,53.2039478523745,46.257923917541994,47.4236181294907,69.69936013677287,78.56679528903001,39.698972673487624,46.5114624361146,69.75164148893796,50.00742278775096,31.77211473285239,54.13036346334423,40.21401488702815,63.761939186635935,49.20271151569326,78.95822032722383,69.98507101961157,51.45373084343993,204.59814046896136,61.843199576522004,66.54537062005178,51.12026044435923,41.319036492248365,72.11802724685953
2019-02-25,125.1092176415173,43.48689943415596,42.80847204411211,54.66138466711007,71.73271865863579,66.09363884495595,43.81480572061977,74.58533642827503,40.54787081122998,72.20346311141255,61.96076986147405,130.70369498400225,49.101068338277805,64.11432620052247,51.84957673158327,42.46924620601861,59.0595222937553,38.96363944655552,41.95865031360593,55.295079749569716,42.81646572052178,45.9898962960915,65.80065322498176,63.71234789255042,47.80603816180378,45.26232085480821,65.99864840902188,52.41305112225653,65.7411142739187,44.60131280234341,58.64606944532131,47.83891133820797,50.56160590363235,68.54282100349127,71.66090852073927,43.154346981668986,43.62520714512949,66.30406918921885,55.8990718300725,32.44159887176052,42.78102832860456,42.404472773203175,74.07957118713189,54.251915206906126,77.14722710765832,58.00308179882176,55.018586430334985,166.332342856173,67.58993672175556,73.9222662516466,53.3570891414058,42.76599480729042,65.16965915804536
2019-03-04,120.42691336397725,50.218020608961275,42.25533942784663,56.119433471348756,70.46428622952106,63.76718948795549,45.14281359283219,83.42159203817545,40.932228069634505,67.96211704485358,59.91469237173442,124.76291694515491,43.549775782142746,67.38461759445221,50.55635436266524,48.707024413137525,78.43630060175867,43.200408614803386,43.41583747386918,56.6226253329778,42.483795283982914,59.80516646083069,63.19784814373043,64.05510914057584,45.05903028527843,50.04593459269529,60.87614885251788,59.27444835966942,73.96737196758026,57.1527545281201,56.155139736084685,45.58069536931006,52.43076195489484,68.77736286966089,65.75891211147997,46.776895826628746,40.18434277637223,58.58512607969465,54.48969777002691,47.22521854072181,54.70781914004937,48.52243881985854,61.611996537855056,56.35088471382402,79.09569239566626,62.3388039328817,59.346399967652665,229.79487823902954,59.10936596660616,71.5468079702675,49.38922554046952,44.34639336275076,64.47726865721489
2019-03-11,129.7416354188205,61.05250922087677,63.33320142626555,66.56927989932171,87.48448336558202,70.68177834283549,56.46311666351448,107.55265702788361,49.64411274323166,85.76160473512364,80.48889678801741,154.72889033411192,67.79290053902913,68.03754943718498,66.1894061538486,67.04069902349364,97.41487790727454,56.829960428949526,47.14565387677637,74.3684063654812,57.11672335897191,85.65936371219267,63.48981538164859,79.44578933740783,68.12749473530049,75.2133096905149,90.23957074147799,68.21992299456156,84.6655622259456,64.50293153462292,61.395656063431,67.64826747862722,74.96132141422419,91.75536951459661,86.867501385691,58.34937925037442,66.32525067675431,75.88458484038615,64.50177755206873,49.06403642002001,74.93704030620343,59.293140414337685,71.02252115481755,70.86600626140915,116.7913163942766,81.02298772022863,71.74073429138735,148.5298391853218,70.62643884672532,88.18241982466952,66.82614147894651,66.95834095987658,71.41005553300583
2019-03-18,121.14863125621271,61.322082821124084,82.69088895374493,64.22029303082718,88.16869718639057,81.87008221041962,59.50750853923672,92.6405874679562,45.89603622288552,84.85894590042925,76.6178982687989,158.10301418593218,80.37031401407214,78.82327243864613,68.77052150697291,57.899219273422,71.60446543208388,45.71823891388507,47.77877542865268,67.74439547020484,61.04190588360337,84.27154972099034,60.717253797315166,79.34075362329482,67.13017805167921,55.89284147281634,95.0665556408467,54.82377536492629,80.78299939967863,66.58219024538552,58.418756617965215,60.16446524162481,63.845341721445514,90.09479710179062,85.69761493814006,59.000858458598245,87.07029813359914,88.34187517278514,58.60027719708659,55.79358607025016,69.05857233701818,52.91499292696369,71.41764779691653,64.66026450068308,98.13920070802075,81.75510702820817,61.40651953613024,198.21975295358249,47.75012844276944,82.35719961994086,81.3007430875412,44.52766984104666,89.747903673498
2019-03-25,109.9099101990075,57.36600339144702,52.22450408391771,62.04295065687782,91.51378507676633,86.99741485505287,49.310081717304854,73.36689039879428,48.977983374976134,79.06777491032787,71.27016750416756,147.11004248116978,47.9200846116984,71.16353258744208,67.13357464513467,71.58095164783282,70.68217681602489,52.972967095644535,45.32713782272541,60.53432749844574,54.932774644753444,68.10331734863533,68.54308170348077,75.51775780774305,59.77432976809205,52.5871149544449,80.78380072967308,52.114096170221536,66.25165221829108,57.46516481982573,59.46287400999124,51.38740540629102,59.05647607827468,86.18357478163674,80.82390374842676,53.953382204757624,56.429337755522035,92.27555124268072,60.7645139981339,38.47670305389025,54.566265534821774,49.35071299947126,73.36811100111456,58.47129625285338,89.96193568530762,68.36029381553459,63.70977762139367,245.1995753619553,50.01568508634034,83.09854123887474,72.82098967792632,48.17211904338177,78.90176385367782
2019-04-01,115.93115617951933,53.13403385866246,54.49002692657764,64.29306050715313,92.64327017672134,80.57208921941492,59.45305037177437,81.02582898033366,58.60381420894241,80.56638334748389,76.1862304664621,146.42843226726595,49.67647277642746,77.57434730612282,56.08526393118651,58.574372262181335,67.59843330491672,58.93319354033329,43.461572279527054,66.57056936808456,48.921624570324674,61.75410029460309,73.25988074660624,74.77167300985498,52.14942647029565,49.40782427687983,81.14572703025577,53.76642729814538,66.2875622422605,54.707742473975614,52.35961036881161,49.018032938728815,62.5101589316189,90.45633231149247,77.11608553694724,46.773945656352566,52.63904762604316,84.43409643052775,57.062087444567226,54.74609991206347,54.978081942630645,52.6668516873431,72.69977711991194,57.260799762731416,88.24808297905771,79.56830859424996,63.77365045451198,164.51870956941434,60.48981375690892,85.34394531572165,58.026474412232034,42.40977041545454,99.11230345038602
2019-04-08,112.31497160923064,49.837033707247265,49.08900616530666,61.650548397111244,92.103926123577,77.44316570820806,54.16138340995358,80.21132104048078,52.1949428904808,82.12103344544268,69.47809084743935,145.4416343856699,47.69014844568142,69.85811931215072,58.89850774599673,49.172027170100286,66.98573117918085,44.695732308862766,52.209876846992394,73.05190243463414,50.81214982852828,78.48119713257537,63.4135088956001,66.0342780296884,58.693649941449934,47.71129565666728,65.13930912146522,55.623575312565876,61.067850063151646,55.963502673914995,57.35492322362144,55.247612547652366,60.92316432232638,93.95199480065776,81.96329824723352,47.166129142433,52.71276632568858,80.65914777692088,56.81708330958273,62.087338112332766,60.378321327414156,56.155079238504385,62.7909006347597,63.15381372145871,86.38095117893207,66.85856825778713,63.73254345425512,123.52300672948235,73.57212813294193,90.20171464472328,59.2042386727487,52.04286733886283,62.03995425605875
2019-04-15,112.58031579907963,48.71621046678337,45.656899514186904,58.01699266536743,89.27115440647904,71.99544749188141,47.297002199944885,89.25385483488226,46.355182520924465,78.56540167228522,68.72094770114758,164.32692462189732,50.17084032417386,71.57070292994308,62.160639493514225,44.32943586498495,66.38173799301859,43.26511658549442,54.484619528081666,65.21561148385095,47.38202047150587,59.53007908373998,55.740257113653975,63.451303494478,51.63387818413407,49.29009399324928,77.24292267768169,58.336212000525286,70.14975171660609,57.11356382071867,54.46822327332197,53.37454176149075,65.63765230278648,93.24792177527699,80.61714495660827,46.050076268815516,51.98433221469059,74.13842692290878,56.99458193733626,50.20535763145691,59.57898454469459,55.297121955809516,71.08747961453575,59.21197774388162,92.70934186226715,74.05037992857973,60.20636668009721,216.74780482057633,60.87460326569213,75.45780835156056,62.08497778823315,49.94215578465693,71.57624364996788
2019-04-22,139.06124205706476,41.414252617554574,51.49907529343094,62.16015145226299,84.32174809885726,74.55219941101998,44.84680686683002,75.07355387966818,49.030172162412846,83.1644410969904,68.55377022062811,166.4100099701667,48.03955887372999,67.48921476539361,59.13995189924867,43.70972034088274,69.34491989943182,41.454118646248084,52.93344588402457,56.44030218794062,54.06362612013046,54.706180165406536,58.23779733629171,60.26282464657122,50.26268281087182,53.58398706263965,57.27068551069905,54.36609167494427,59.87231515748135,51.602227386330796,72.95942160826453,62.742252719983405,62.86506205160197,88.57502732047806,85.09465100585452,47.48986363672112,50.03678353567713,71.41065115850148,56.943545438305634,63.20085758836996,42.716116508112584,48.878153102250636,72.96460340627387,57.518268363736794,86.28352894250007,75.02337522046216,56.439968717200856,222.0234647390795,75.66890941231364,80.33937112211649,61.96944777596266,43.79820613858689,73.34350851369443
2019-04-29,144.60394000118612,50.88413787088324,49.690833575459486,64.89909394842994,85.28999042818373,77.05202930787482,47.3078771280143,75.98255610836341,43.23453088683907,83.40746872659435,65.76555049413403,170.80854064965004,46.65191087970908,65.8387672897171,58.075399095092905,46.65382584426354,70.02853674314703,40.06548334932143,47.16099709161812,65.32362335444809,47.77858291328695,72.9613361091599,57.8493976124726,66.05744652369049,50.324471265906716,51.74775491212905,78.8128137966976,50.68890926343547,65.25063782514903,55.87610985423904,52.22030128420514,53.9398460034895,56.48830833214823,94.07656484334574,81.08932018643083,44.672809839411926,45.70135518929564,71.19276852378201,56.65383959270466,46.54398636657813,57.45608250601901,47.32208684690628,78.59837607665598,59.947118224998576,82.88312398409664,71.34014017541347,56.56612760461368,146.31356839516215,70.81352464486471,83.06680981218092,57.88210271769614,50.83019408633462,66.73483918170457
2019-05-06,111.04299405919984,51.093128962909695,59.256651037307904,70.86504899644237,90.35359931802978,80.41640013270485,45.739276919616515,84.37872322975852,62.08896280891558,85.0511081219654,73.48108119346803,185.88161743668374,52.61794252279943,78.10212348836573,58.627516768112585,49.16541628941204,62.35910914305823,46.049626540018075,49.11611565032039,64.39615541212623,49.2230872434407,51.92498094721565,60.61016311349929,67.1658266037983,53.115345836655024,55.96121407116868,79.7259394194059,57.988248074558676,58.403437516755666,57.7441088908915,60.54553768577456,52.616719432855334,64.73411892013078,91.24018895646859,79.87107119934434,49.04243650085477,56.12420660365338,79.57131717410789,58.50876197073861,51.736599121417306,48.36020233497526,50.111927500112735,75.05039125242682,63.78316480160248,86.75312221947904,84.33390642691626,62.06540440308375,219.71649272019965,78.59686116710697,85.387050045714,52.17699642353996,50.35107278773822,65.97840237470547
2019-05-13,129.69608854994092,53.437442651435966,56.74879250571134,71.51266585160735,90.11967433403498,89.57839406750942,50.983242449537464,83.05988330153207,46.24642436362214,87.00753865925851,72.5248600410624,166.89728999553859,54.483996379671666,64.42052904072848,61.17861932295841,53.37804868746459,69.91333968147795,50.80527858328115,55.80616890656594,63.175184303338455,49.57065794314808,47.538337979501435,62.099815265800444,62.34799618326201,53.956010265564224,56.270591705715525,80.1131099670392,55.77512126925159,68.80015566852715,65.81690007642223,49.91355507050598,53.645051218569165,69.8841627714648,88.70160507681774,77.72767908246527,48.87647039215774,54.21240794785967,75.61197336070845,62.27898102594973,54.94556361709947,66.63346486802595,52.85763911146982,70.88046470507035,62.84141605747658,78.2637820911554,88.72603800125914,65.67514430482436,215.2081859715819,61.018076889428606,87.1469087698288,55.74360970103605,50.72246190132809,74.90374349533279
2019-05-20,106.95979268339559,53.186231966138145,62.116553144003525,74.55189003553404,91.71950928565869,87.94377016513049,55.44748729179078,82.03645159471829,50.36973086867456,86.22845724522453,74.7268871093698,174.196776537823,53.92719686928001,77.8200411118524,63.19355240387248,50.307709401566235,78.7390940600984,53.472990764152826,58.53547096744233,68.23355583658663,55.500857011971746,66.85049014904597,62.12392086874765,71.38758584359023,61.50382085466389,56.23299332180387,67.84238410880319,57.20099236830016,63.996306108324596,65.58558011701709,55.983434916132275,54.2083413154413,72.77787729797086,89.8232953611824,82.31777397406813,52.6087636431321,59.78028636705928,73.51875435108138,63.90221180981443,44.671746412482655,64.2406269273111,51.93568862201257,88.26175622977325,66.22781224380509,92.83602894486823,86.05610129514727,66.0610398037485,138.19113140935497,72.19749166392846,86.40607106758272,62.328890598398736,60.459371514145346,75.54583751132171
2019-05-27,142.1738096319935,55.87870502755166,61.590524316827896,74.59591870009169,89.69115372543189,85.26745924845596,45.99762128497909,93.31204417143881,34.66200086662652,85.8292595184576,78.40849516193961,188.21484815340258,54.04870246188416,85.61247305608072,60.97432778938753,54.768890358368054,79.49593580731498,47.06145868109258,58.647253564053955,65.82739619672297,52.34916445173099,69.31823744871592,61.50551288925216,72.0429561912947,61.33131596068624,57.10379983534187,77.70405905532353,57.481834495952704,66.92001685175944,61.913776542943786,55.03678691668939,50.84647527232529,69.6920682246959,87.441692306246,80.23432982489345,51.61745795228704,62.552220860554414,75.4069427629477,60.81430942213063,38.570336309831085,52.54854726245716,50.33489502655451,71.2502649861785,67.12791283777611,92.94233885177343,84.66248169303263,65.91401935981307,173.58230765769142,51.69933437964208,82.89828321118365,61.34268055560881,47.516888605371655,61.267294378096516
2019-06-03,118.35771386566412,49.56200920147,57.672119963496606,75.41121291061907,90.16803798033159,82.84442849430418,48.10375671225324,77.62924083571303,42.70848769477771,85.24555073822768,76.89612078695238,161.77208506122153,58.01109887450374,77.20010534013139,59.27663042392936,51.488686152054264,74.08515646150771,48.85213844336953,54.43415412015784,59.30889659268881,49.23992730990232,72.4257091537062,56.20274792027247,68.21050063274498,61.8190868505107,55.12682392928593,70.08957562213008,54.70154998938672,73.67074789545951,62.36352723793224,56.85990462010937,52.2762620074307,72.75961911723992,92.2360667138388,76.53438424098718,53.2029299698434,62.15244952300492,65.57703849939006,58.70440755967862,48.6331041199664,49.549633901481144,51.29442069577944,79.10529886915346,63.274081006357356,90.38637294991408,76.83486573030662,61.93728033191235,117.62388818811486,71.3739806047097,76.09933311984864,56.50407845549327,57.33783401957706,79.04142598044491
2019-06-10,134.74439569857455,56.36979682877788,57.140174837645304,75.67312919556552,91.76264045121746,83.31061048075745,58.07506477818009,82.91311969653522,43.55296178533452,89.44238399615368,76.74152493722322,163.0497506216419,56.381105135336625,87.4093926524194,61.423433864027075,57.40376604085541,79.26948920694271,49.748132800155226,53.91759652526462,61.89170488549222,51.7434370623458,60.4838355754469,58.518057892127835,71.55384822325121,61.89082648257669,59.356762518597186,68.62142331437707,60.57183449333347,99.15459922371102,70.6887478298863,55.90305522070454,50.937564045511586,71.70897262594232,88.05756733001306,77.34525884588295,52.73444900245887,67.5383204917243,85.14338757032374,60.46199029127393,56.633088768435535,49.770769811022355,54.91908106946072,73.11710224179804,65.9206128137999,93.8146136732754,84.40728181784479,67.81124493201821,104.85308769111586,55.30823948634408,82.9886473046532,59.32292255152365,57.15517296796394,75.3880506519515
2019-06-17,129.87226305189736,58.293901797225004,59.43318432195825,79.58641632913559,92.70495605866286,87.0872808601545,51.942784284113245,79.30229923066791,49.54020879656389,90.09561818876337,81.2532624304657,172.6330600451044,55.450332439532026,95.48621218611616,60.67365268286343,56.444780326480064,75.95695508718156,56.24930016172174,57.16723409760741,63.748927467135836,53.91687346468566,62.670780103900846,62.08091698286354,66.9986057875875,59.211254317287725,56.17310054494591,74.55078774166743,64.40902978907255,61.08485664285378,69.47338452170037,57.619334620852534,48.79127924591846,72.46296010148808,89.0213581058318,72.4554126403994,56.708399730769166,59.22902428686848,83.7646459713414,62.184214068426925,47.019318365365756,44.243784273483655,54.26771182509361,63.62013591874824,65.22160464261488,90.32587054666239,92.67435614694082,61.91975969423862,207.99632330756114,63.86727337851122,82.04566690206025,68.24596547978102,53.337534009228946,90.34718084167433
2019-06-24,119.50337258018418,58.57397178766055,65.81803264249164,77.40085017819801,91.93958456524206,81.14715639330346,49.865799686324,88.91323105907091,47.758462937854254,86.78196139369335,78.63266314773486,161.82232967485453,53.65087932556321,82.73842741406378,62.97558100954691,55.54985620435144,81.01658099612256,57.83101423369189,56.61348493102568,62.364068559404785,55.185995287397354,61.85803763083573,64.34900480450689,68.69512481121214,61.58788424068056,62.51941283761358,86.45772856244422,61.870363719181185,81.00557977593566,71.46161677949536,67.44456495820482,52.90054464029704,67.21121621445361,88.46366668707789,72.88562947362284,52.79408608065203,60.91593185186891,84.87755876098302,62.08665994928219,57.06891141735915,57.22706171645584,56.46662904126107,87.40201445421913,72.14085452656141,96.37216151563207,86.55184299270017,62.64306133808962,111.15742452663521,64.7724656204486,83.0360505979297,60.29809825907468,56.395788010264475,82.0037452746653
2019-07-01,113.88613564100937,55.30036705781845,63.79188380782273,80.20972000398937,84.86646210287077,83.52099892240078,46.80397390491626,84.37324164629611,44.627649533499095,84.16371128599178,76.10562527132348,168.20803619135296,58.865292504683865,80.93375836034198,60.469069054570106,59.682083592904235,75.3741492501773,60.739301537719044,54.388756800611496,64.32246768039893,52.403353423203626,42.306493744914924,64.72666102322734,64.72769135514632,64.00576151891747,61.10704735673685,66.84167340501665,63.79239400769033,71.3485997384617,65.8933316479949,54.820372492949424,55.24964928956056,68.68450611129194,87.87856048397255,71.73157972575163,54.33889016726895,70.3691252433326,66.49411346812003,59.431361915050495,51.907848047317856,46.10463722392023,55.30777495816857,75.97647463415987,69.81253259978814,97.65149091642769,71.22300265386565,65.90726079504505,122.66098341388391,64.26103857612475,84.4290282067067,61.029548510240716,58.23694460321972,86.5906613670253
2019-07-08,119.05370504913716,56.22591489191531,60.9103089420639,77.4103251673617,88.1131990230627,86.4116296730073,46.40500439910329,82.10971675720134,58.101299611629585,86.28566821587309,72.26963609128113,163.55881184090558,57.94805410166119,80.00528056901786,60.98290553676714,56.52627486876472,78.93366131402834,59.98107154428426,51.96237384792602,59.63086395256316,57.631573658908316,58.36931179577866,63.21848873652494,72.2154695559422,60.1198802473562,52.86732037358383,83.24630675280793,64.82702607547584,88.5269901412094,64.84591089950494,44.93951946473822,59.59324562436916,73.88141743174816,92.61264190455827,77.03036837348806,55.778358444649214,66.68734497348635,76.63949180372519,62.6748442833776,60.63443996569552,50.776661969714446,53.7606306311303,73.28518565468269,69.44108522331354,98.96964198103029,79.58111434202179,67.44178630318397,144.05050955391877,70.9777405715573,81.4134985764403,61.12586260308397,59.674988087391526,86.80443038598783
2019-07-15,131.34886467733654,56.3020529038667,54.24003862701536,74.24335416120167,86.6382877374467,77.8935355464112,47.37474290054528,79.54438648632446,47.067598074139845,86.24046643780056,74.51994121749182,165.17439058456864,58.65842975796411,84.55764307203745,63.30555092185693,52.58916993158766,78.18679392615526,55.3695770824283,56.3969938394557,65.9502372878014,54.39759161781861,54.63005819943087,63.0690747877016,67.44831166690973,65.23942180366714,60.33291697128708,72.91281189196935,59.225931071212706,70.6329487093636,72.07788651098925,51.17675498457638,54.43360222014602,67.57437578548401,95.70960643496535,76.08293950107917,54.14664209643185,65.43997687058993,78.39815683862261,60.23521113542925,45.913131074730806,51.14275630906137,56.646744346189244,80.13367478536027,69.62295245296507,93.28779723774332,83.1214975808709,67.05189628806768,31.542939156208977,49.4357227182161,85.26963985442508,59.996330356705506,67.37794746806414,85.79961049500969
2019-07-22,117.0691569621787,57.03109545787625,67.52227317640211,70.35402494400928,86.78793935776646,79.66155767877581,51.52472493673343,89.14258054080136,47.49598040524698,87.08538063128454,75.13076323017805,131.0325681250946,61.61311221450016,81.32175234742367,64.30473847185604,54.260499655284775,79.12521852123339,56.58043186455708,54.512403975494784,62.40981316612788,55.87021024867265,50.01101272678979,64.64435743612542,66.58255669176003,65.94471888220204,58.552061776399924,84.19185300547166,64.31662516943412,82.17766121182706,71.74022812115055,63.337111491213264,56.365840408597336,71.5758061806934,89.57134959413573,76.03365251596445,54.18384603995719,63.304326809325595,79.35042609519346,59.14958322725343,51.086280801995144,50.368440548630986,55.885802033421314,71.17949006129722,63.37785758155663,78.03422045503211,74.08513924107967,67.79090966879949,119.14478363149331,52.66325016403034,84.53320127974358,60.44005513044442,60.079403080461205,81.39664060161311
2019-07-29,142.5784925564519,53.34230043148486,58.94764979208108,65.52177916720626,90.27433794016622,78.63926683401715,50.08355945959961,83.90283371955006,50.4252044524015,82.67644640567235,72.39693376967976,160.19950457012837,58.75013700139769,77.83001610683154,64.4975939879701,51.237420766940275,77.20312914331222,53.251423187450534,56.316427876782356,58.767013604076695,55.94954159221093,56.20221613958022,59.84264122714149,64.74215912702323,68.08904727550308,56.00803684941761,66.61839125542724,59.88853885878423,82.97531851805851,63.1301065294391,59.99584321740155,55.05109310235436,67.65352619339065,91.18986548731552,75.42645737886566,49.98123385696328,64.35593472164076,86.12528130952391,61.11711185485082,49.43436501028598,51.210768902301425,58.38219577077268,84.72029999429566,62.0115599510721,75.10860263857249,72.8489909526765,66.49489505735471,96.2360339942888,48.31398014312755,85.33746093022326,59.07752025180455,58.98707017826607,76.25704710456785
2019-08-05,128.51234330557057,49.994918665490616,57.07701776458756,68.76463127049729,88.47166786818121,80.74834055346484,52.551874395572796,92.25359438488562,45.755987579391416,82.64031695765046,68.92599960443579,156.63660769693533,56.54613835506864,90.87185855465802,59.690443333017654,52.08279754214553,75.38043969659876,50.007251689417416,54.99752990588099,59.97654149627523,53.49378402445036,57.87860645872239,62.22701281981332,64.51847247402326,65.63688866318142,49.77827769299726,83.75512671753224,63.71295275243081,73.68740606530093,60.49931902060627,64.01180240093802,55.35391071729121,68.39831518599237,91.35521661836479,74.3583041262957,47.96382004022326,60.36014479849824,82.93755474226649,62.73983945301337,50.04814349268275,47.379427269237524,54.46843942664278,76.63680330235358,60.91545319180138,73.23072507713438,76.32425236870743,66.58475199213729,161.6001478994299,70.41051504520229,81.74042900456296,57.72928496168116,54.08883238108162,65.26675459529727
2019-08-12,115.85813394223439,46.842610714933386,53.0217992064012,69.40790424624588,86.65251324500908,77.23825895593265,55.05391592599869,89.02639433717938,42.4717086975607,82.22676980357113,69.55774829272119,169.8226552647416,49.791856534354686,93.84027448369801,60.066181519450545,45.3544862677137,65.95161445939112,44.61534663343908,49.83134897257248,65.12438465165808,57.01397717669776,58.504210385066614,61.240025378468594,62.416107384074245,57.03890425603057,55.36497469182571,63.12306959939445,57.48069937239296,65.93767561310977,58.38894401219079,61.5398080506643,58.264343258980304,58.625846203810845,82.28327225078661,77.61396860715026,49.84378787723768,52.011542704318785,76.03702513339613,63.709627204368786,45.64320977414068,58.38644541262068,53.257740037885924,81.7907941359414,57.70806933007226,72.14583925953531,66.48590263173357,64.21901520940305,102.24106718240144,70.32132365583537,78.82514476243665,65.67538131251204,50.15369156895396,79.99081984551509
2019-08-19,104.00055361059398,43.28022547966698,43.588247788242654,68.04731629560742,83.77925086358698,74.5093991441567,51.315083309267486,90.82719558328985,41.68725480951289,78.815541738801,62.89773393194444,163.3534664930582,46.8877569385184,82.48156032388493,58.39333050944404,41.449765478857444,61.80227165562342,40.354271196843875,44.868011154284474,65.15916789428051,54.27911088401831,61.70319294163992,62.05679319240778,64.55080188447604,49.64915311577711,49.559050740464286,68.68197548298318,51.49729183925078,66.55751560901122,54.5887734723433,60.08719161028158,60.208806719534365,58.61401077924554,82.2395803038287,79.67087996879597,44.763074115464526,45.94066615607957,79.86675159415765,58.88161266128182,31.283918006457725,45.31918237518237,48.70599223242418,62.40116970150817,54.519023898608054,66.222878703459,69.07637984089692,61.21938827434766,188.366716923068,59.125604740078586,81.60389515562804,57.2202775574492,49.08808350951182,88.20415835810259
2019-08-26,106.54938845344847,51.01579926760309,50.01171388704894,64.91361494737141,82.47769874344016,75.31725469043896,49.943102395606545,82.82212272869735,40.56024453170602,78.03958641229904,64.15595802795414,157.4041969709792,45.2937119793254,82.24534792991933,58.82883608482749,44.6353262500358,60.6180778867589,39.584749095261145,42.408076568068054,62.87139372811736,47.15589807142758,60.169320597066104,56.1342990774141,60.49377980036214,54.242333328168236,49.23947285139749,86.18796273619432,49.944432017475954,68.34023740668695,53.24635483121278,49.604192722567525,62.03029663131461,60.376688012481935,86.81060436883435,74.39290237798585,43.50328729940675,54.034226006260035,79.75487557447273,52.6622276010947,42.78409812666297,45.96904799108063,52.024862782551395,70.41707415952696,59.21056407134529,63.84751702278379,69.80525659367967,58.179017018630724,177.01909932479305,77.12087667944694,81.10823628879301,60.22622012834502,37.858850656366414,68.84991540923066
2019-09-02,115.17461263337182,45.512605829144334,56.18510195195766,64.60309973345461,81.88014599647201,70.33552501132257,39.40894909569112,79.37644957694577,47.85882490661608,76.3768756253037,65.6798477468294,145.28609951987715,42.82127249718784,64.14777828698868,54.60059973178566,41.59003738272903,63.20191537229123,41.558446077704296,46.007005696567205,57.06371010547204,42.84795893422768,40.17421720760981,52.76997092550751,59.66893703316454,53.112642451196706,53.48202653821802,78.01749574087198,49.86071401600815,66.70780219103509,52.523320775963036,53.4949222042356,50.752291803473824,58.371429484447255,83.97167802749696,67.75806875256328,42.04824028768607,53.84717443611397,84.56136120896677,52.13709881592334,45.521716840955506,42.10300238164668,44.849716743898824,69.10239374631217,57.833262762024894,62.524027643344,68.03022093959972,58.03855150376583,231.10856437651702,62.260298144254605,78.74777430673998,51.40216110840662,54.69529631443261,78.48598521397906
2019-09-09,99.09383481430562,47.443665312542905,45.83964602307698,68.6901407676181,85.22050491377692,74.4858866547846,43.388136736275044,76.83859387963773,43.20301630215758,81.65224107083884,64.87451170849722,171.86276312004466,42.874854055719936,71.35694178817747,54.77039928802252,38.98913246088888,68.15673633007636,42.99225395771889,45.70447644276175,50.880196551636324,44.149329671642086,55.7770841189645,53.3450411364003,64.2989347100597,49.31547969609465,42.6647880047723,80.48641466906346,51.59056717118859,51.86096727998675,48.58813024630548,70.98089865643031,52.462421097451625,60.761711441084195,86.90759423853295,67.71410476714351,39.66912406444144,54.70808962492522,78.37895963459394,52.64147421997847,37.68276338746545,29.570918768505134,42.18612164071143,58.597800730172814,58.02306217999268,63.27859072756202,70.60121903072344,53.756917760990895,59.17570527236383,49.55677846640593,81.32630511180669,57.086262550084356,46.22066377056439,70.3428718604589
2019-09-16,105.55162558116064,42.70941585226449,54.9302826232719,62.85901476014792,79.95355463579578,72.4135937450588,45.990144915772575,69.22786127556829,45.21937883538749,77.89529079596629,62.42933263862929,128.94032891867323,43.30712663938678,73.34819323116793,55.8535336283476,42.54055255961827,60.2745149230567,43.1673420880557,46.29945803123083,51.888210551238004,44.23606995625706,64.23575604683309,54.751103488906224,62.51655988805746,50.21291920892254,43.19697037116321,61.98784167917227,52.41872764099346,42.18447662930674,54.68491657481959,54.02784646793264,48.49734281667297,54.73906142740721,82.39267413182554,68.48356293646485,41.58238259329991,56.70137532659561,76.76245806605374,52.61371815716592,35.79045891866614,48.57834240351714,45.61569050543956,62.74583983098231,56.568197343335385,58.75023217613015,69.66280695278911,54.63654869459703,69.81154310591617,53.996248252984365,84.0068389339052,59.58706682700727,42.454551299810156,65.98453080182352
2019-09-23,97.42705658298304,43.017481803931055,48.90201015556622,62.53615069120132,81.45145220065965,77.40201359776648,47.081337169929625,76.46341757072626,48.527753536393824,80.26453139142228,62.46792193516492,145.44948611933506,45.42700532110315,68.70000815195044,52.54586474623336,42.77080210065941,63.93501866151252,42.553431526124044,45.68213886999671,60.58165380483111,43.40518179984438,65.44155412077922,52.62256506927068,64.54888678933419,50.53068716300518,49.41627724438834,64.61617986500465,47.45019282323831,66.26025105124766,50.06417325071811,56.49261167324486,48.54148575743231,64.18527577311453,83.25289162941138,67.76545438148456,44.694852840912695,47.94218271643178,77.1999744298373,53.29649515768895,31.54796981210542,43.38030862273919,46.09049894506807,72.88661778766136,57.07774358734078,63.46874251455385,69.33780227162273,54.03261668115677,88.22664603598176,40.72912571703747,85.02507262229905,54.60782819961176,39.3439400765533,59.85727397395442
2019-09-30,122.95245591282121,43.17364014532062,49.964229482102915,65.5626468157483,80.3436158463155,76.38904299053722,41.618284331700785,76.02955201619004,54.877784587210506,78.03847625958319,62.221945370289255,156.5310224924033,47.63788184615267,74.89549568095389,54.99356644383721,45.454754471597994,57.87129834053503,48.91028913024579,42.04107025308301,58.2330964404769,41.67210469994792,60.25477832954053,52.04058856259458,66.55263188727628,51.63031632017557,46.25278325128301,71.20216837346534,54.851635519525416,62.359866649921855,50.49729792137153,48.86209119666461,49.72824011604329,59.59797703065523,78.88982878802582,65.05505822666142,42.58484630825253,49.19867814436515,73.59554574558523,53.16691515545857,48.3514972093213,41.14016162929172,45.501429378791066,66.31828933652059,61.37420752383257,62.81709660351684,67.12351460559826,58.141561733104766,118.89077880621699,63.52917263917804,81.81690478005285,56.54048655884779,38.03014895209117,74.77843481022344
2019-10-07,116.96521554404838,50.196693710621254,46.51110876857519,67.82732533468884,76.91187641595978,80.24354003978712,44.405286311938646,74.99328626442946,38.22934120614623,75.8694198769864,62.51121974633071,150.11877584105162,46.5395681687865,64.42918496760781,54.596378651580544,49.43072298090093,58.56905777392659,52.44034817821339,44.04114508799894,57.82262292256166,43.43120533042386,54.97115058020836,54.847171636533155,59.1140734031801,52.56616833897383,49.75360271834651,76.48593286112128,51.39212517873484,65.11796935311486,53.14476447378356,56.969018978707545,46.59297403103817,60.30096839939764,80.88206277594927,66.60112384401285,42.663296980853666,55.26898696305778,70.76857761212528,56.0774466507047,39.15504858550576,57.430527219986864,49.48226751000274,68.50052616789756,66.97699640186401,63.35036764295358,68.74128535535397,56.582623123838985,95.45282295083376,49.491504421292376,76.2401293125977,54.6004565673131,47.84050280628593,61.3619176980416
2019-10-14,116.67505251141803,46.164252949075966,50.239058548325055,63.87262264266685,78.66834485807108,82.79989622352076,43.87558133801416,73.2556350985649,47.073391531157675,80.23000062813936,64.76582521832323,145.77087913631928,45.21534612099458,80.45744417414876,55.680763976836786,51.066312506171066,58.28012330886384,48.411480242924426,50.48497415531612,62.74518803028718,46.16216003862811,62.75604870583207,56.0069299087754,69.3378996792259,56.30772803709044,43.405265940379564,77.80787921564485,56.31879666413912,70.98955661534768,57.62512674713946,55.867385567479644,48.49387832250898,62.962123013179934,79.99966346084315,70.47877146323346,42.56900963666887,54.32562039175956,73.07701175372398,54.816051715096,38.145224229029004,39.269010014501426,48.72343131135449,68.50423636928173,59.77082686686744,63.8326992892033,79.97233867487658,60.5238436026851,146.85890441905354,78.29806735907765,79.7258141243489,51.631903424745694,46.38619383252345,69.93302044842909
2019-10-21,122.88391380779463,42.74541621216756,49.19364826357382,64.46683305048113,77.68030739716298,74.70869747521367,46.56490711830883,79.66058252459861,40.471504508823564,79.75408588424783,62.264563395157225,146.09839205867866,47.07284025386142,74.68263344575274,53.24642222008978,46.824511946607736,61.886392836553135,40.68215020287809,42.960056950772305,56.36171133833623,47.719080519086944,71.9287913447751,55.65629516154873,67.39912566991401,51.05694318821233,48.26196693577716,69.56893807993319,50.25917299336602,71.73364783823357,53.836350904346794,56.2272174184191,47.15975130307628,60.46965148243662,83.64481775974068,68.30220245433868,43.55769081133479,49.93147954524955,70.4884453798645,58.01631275923244,37.08297655560653,44.65726770343698,47.71834619877953,67.0791926290917,53.89157071289488,61.81368614496333,65.53022352481484,57.8396930765626,51.34159365521317,73.18227888301013,75.9257588482875,57.213071720602365,45.708259138148456,67.89227803634995
2019-10-28,123.59196713493569,46.4874448026872,48.45234719256561,55.06437295603307,74.89584354916445,61.20313776682202,44.69786047737568,69.01596437014717,43.51484542440437,77.02435618097901,60.60014821382768,157.34295457120857,47.15656084700867,78.38544290443755,52.335740775835895,39.93490619996092,54.372600325867964,46.22140738227213,40.083765308127,57.299843867043435,44.86653036877921,66.1327849678078,52.67862116323239,62.650123233298665,49.99507718208058,43.87096058889467,59.28229293948635,49.081770944805825,64.32672808211188,47.541331861036,54.32434700697095,48.09710132555708,59.04051242234637,77.87109007110222,65.01155605028042,42.46272171543429,48.0322510250132,66.2492641340422,53.64924173012995,40.749007158350324,48.14730976494345,44.40040181841114,61.007783157929765,50.7146966153038,61.07363925813934,61.415335352736626,51.441576329533554,59.35808138381398,48.95164846672668,76.39955064119538,62.84458146426758,48.733550136412035,67.77267916865607
2019-11-04,103.76034412802233,41.79417151613768,51.39187520714011,60.89745281503198,77.44739311135083,78.3923312666572,46.84880699012734,80.02917848293977,40.27225369607664,80.10012443292003,63.363253683117925,152.167546515027,48.612157720746026,81.64932427987331,58.6415815519759,43.362945326340174,62.69973789876811,46.67946943686252,42.678928083122145,61.57608884941923,49.2003326695619,66.9197602798904,52.22212048024666,69.03755761371356,56.13849968851411,46.81127244355222,67.00681601246977,53.13915137094099,57.17497539586171,51.84563029244327,59.78118593204922,54.906423536832236,60.556793430561456,78.34352683858525,69.11404265338501,42.9420378445348,47.5335340658983,69.41203415641951,54.61245720376183,32.98626038980102,45.39241405617479,47.44553452725667,76.26280438008409,54.526798946767414,64.1083297407557,57.15992532605902,61.05815452680401,94.16882443933518,60.044754740734355,91.08263830475236,59.3145457995708,37.16350389913839,73.69649315583901
2019-11-11,124.68334107116944,45.71124451937389,47.17767087434285,63.96353322704337,76.92390629812121,71.1125561820549,46.98132722738767,75.13469336620362,55.29559484624685,78.15066872023144,62.35438365841465,158.95253258773056,47.571963255429246,69.85740804239595,55.733984654591815,42.04181700263252,63.75635474049653,40.078426760267874,43.03495837497694,60.979836652800785,49.464646338705926,52.286323595642365,52.987314881133884,65.91175749015032,52.20366211775882,46.840810354665145,69.03426527571912,52.503149246886785,72.28112955418693,50.23022567786464,59.07285325720266,52.60428553921755,58.734926051308925,80.71168469842432,70.43728280244734,42.14247222671422,48.47161521673965,70.75899374024462,52.03815980414004,53.554208961116245,52.51148485497153,47.965014797735286,81.92169127847947,55.07604684514688,60.37667570957224,69.54445363592423,58.37875437917578,47.79675758107862,71.8961535752953,78.88639698694477,53.59358797419634,43.128735301920884,71.66397285109865
2019-11-18,143.4967577561335,48.413835222981994,49.96508612194376,53.33397672627547,70.90684186152951,75.33243687039169,42.554899076753934,68.68003795933306,42.444140256318875,72.26105686909492,61.81872898601532,123.8491832408995,44.66643468018642,76.90469631315248,54.146574579186336,41.147303316118546,68.72217753352561,39.90957255716656,40.3180699917818,56.75556992766322,43.621284320532546,54.65687605308954,52.91496655940532,61.81216489691932,50.378209337359564,49.64525712340103,55.67860288959514,48.51043918543792,60.34430463011534,55.06964683849536,44.33529797622419,46.52122185204962,59.24771347504288,79.66375362082309,64.31964500276747,38.69454948453813,47.94730148147821,67.8099996964606,53.74474736205454,44.52542732061256,45.36372711883228,46.19209446425397,61.4330893396416,55.23978214780633,62.51129422631752,74.17444086956597,57.076383747057946,83.47095660246616,66.28397427162093,73.63885548088992,54.605276841670005,45.444678325138405,96.49761912291257
2019-11-25,111.01566928768757,57.44489604002871,58.588575013211475,67.63927228024521,80.75741090182322,77.72971475160264,39.25469679728898,92.2777393381666,47.09596747027921,82.86952932805063,71.9225114255738,132.1916919833524,63.07794103029424,77.10328106020806,60.51389368165036,48.988092416510334,80.35520258151429,46.58529591836441,53.490375733601994,59.12441856480108,52.53499405328779,47.887276396021406,57.27691000360474,62.56567903954189,53.228252680871336,57.42594560958686,65.50309108272423,58.18148975780662,66.24256528096207,57.09792127196588,68.02867634686989,45.79718243952793,58.13303888501091,88.25190770559303,70.96073876654638,47.45374583618404,63.31240755395632,69.08852632104573,56.92599685011276,49.5856324208144,39.424959310213666,52.271876630283906,65.040115756972,67.08959567275647,75.47738202196483,74.14017551249565,63.071343969427,64.85981463480003,55.73701234963493,72.64828282945406,60.86483603409129,65.51430630801254,73.67859031041057
2019-12-02,128.68698908944975,49.20207052531504,49.188874528871146,55.171539786619576,75.1212334616306,69.26979342406624,43.21936764313336,79.07867662134791,38.5859613759833,74.81514761933184,60.21063956726155,153.55597508447164,49.61909648572363,68.57593790618735,52.19529678279423,37.19664367907839,54.00325130587406,41.73544758657655,47.43660204797044,57.71089599455634,46.95516645375624,62.79124849674088,53.83536657869542,60.543342936537734,48.82586490422234,52.69996048198113,77.82965551091557,47.917182258696656,60.70087257894717,48.292128872102175,61.58868659796952,48.14108046591633,53.90501174433101,80.70426684330215,66.84911018266219,41.524566381900335,46.51846956426298,64.9926707258832,51.678673770700385,41.77836037884396,38.022476556948185,46.54404089036158,62.73776167045452,54.274536282050526,58.558457085463544,68.46124070540797,54.11321168955011,97.47556221314284,75.87765330679974,73.44731067047856,52.37017318481645,46.986496203549024,59.954783623488865
2019-12-09,123.53626145268959,54.04972472811407,51.405149529161456,65.21929125747674,75.91350209497244,78.13126038659703,40.19521656606471,69.95691207318798,43.17836409956094,78.36786302265614,65.74587975956013,149.4304193888929,48.620675166761984,69.06721718332795,56.42553465593499,40.049880073031325,63.927502217350494,41.54157772308066,45.19650398566431,53.01543741764992,41.57659650912235,52.16176269136102,54.900782966814276,64.9736019462578,48.858048834996005,50.67697222348555,74.85648069293634,50.50283946580387,62.66127694905964,48.76952330989314,64.56975537036116,46.81728165522565,56.86038589608848,78.39736731747077,64.51250528191845,48.2120997593882,53.1068320244853,80.12956508028427,51.44186034278601,57.66781292236964,47.40458434805917,52.58649302924777,65.77696181117246,57.16867080474665,64.37597878757914,62.15132245587836,54.998496716328184,162.41598664338414,50.51274667050041,78.05015182304591,59.03768236650042,39.41198839182792,73.73481107085037
2019-12-16,118.09140821732079,59.25485725767045,55.28460256855908,71.04074373042326,83.56267154614712,86.82280827492363,43.56869347361259,91.15970656952837,53.40436597467651,78.47966151302008,69.19945203122862,199.88026193546398,53.64219498973315,77.46404455911325,60.331348430990325,46.546622984196574,61.281946468536766,50.75917901763289,50.81551481178169,59.02451874288336,47.24623785711432,43.69602243601671,55.87629921165793,69.33498992177779,51.852714901405164,56.55012208719877,94.81679263875135,56.722093416773234,69.71835856802551,55.27679732888888,45.87128424719519,44.04874823307195,62.91700258854914,83.64609344939075,72.89376627934708,48.57301737845321,57.69204833859915,69.40975808609448,52.784286942907265,47.165711624673435,49.389750125938946,54.053118559298596,70.84770441412341,58.87736983633208,68.38020663649546,82.26911188994586,63.10447602414054,111.84679173860896,51.80537627773482,87.86181537182355,58.37791529202124,52.04902734430652,77.59778979423602
2019-12-23,103.2609590835268,57.25879562583859,60.58509343456702,68.97980144411447,86.12866706986331,90.32924372257153,44.85816028342443,100.34182943462704,35.44898644810791,80.29677168571804,67.78576946784443,165.84591040609666,83.14907104167,84.87793879685148,61.45533449399326,50.74580468731696,71.8750294132251,48.87749148316331,54.481181194144504,63.01759888136766,46.063747502604926,56.870797916509176,61.99750471447756,68.36126433297149,61.5573248325152,59.75251334756245,82.0991907226023,60.35254747126892,71.0722249512809,59.59287650823029,48.054790494979585,43.50432075392197,68.18168286147767,85.25193493200545,75.31666131494799,49.94445324373875,66.10285644614169,75.9586568468621,53.860514085509834,39.735424663615305,43.77988920291756,55.34145916502352,65.08433208196833,74.14971616906597,74.63978854839203,73.00150096644363,69.52801366515367,93.3945996916604,51.78456668399205,86.89370002522406,57.061642370866046,69.82821901060093,90.41459080639119
2019-12-30,116.57958370130454,58.99127232005038,59.128505401513884,71.27621370438918,85.4444336025686,74.15238518992918,48.349777912978496,97.51054455144956,46.37183220865206,80.41663515544816,68.83913152440917,173.8363574062693,66.52909500314342,73.16211514594573,61.39632042981657,56.33559315712155,73.76802190904114,56.46611277622548,52.10163287445398,66.0642893335506,47.458235379036026,47.22729798224417,61.53912432257446,68.55851775564545,55.62467609667329,67.58824278777284,96.04633355152922,57.007750118089426,75.80765292740121,60.49101567769676,67.3529149689921,47.26418574905943,68.86123192292035,78.83198020228687,72.5445745367505,47.762727081617925,61.04437426504856,82.04640261934036,52.2934730014377,51.26319883769149,43.11052301004907,49.58151768956165,82.31442429564733,66.88617920033336,69.56708375913972,83.12925360832946,68.05407452542279,126.64303781719559,40.06357990947356,82.34764050918447,61.94705325283428,51.944511617558845,81.34893888254113
2020-01-06,118.1017923429873,43.507475337428076,50.15152335652738,55.534030070941114,69.54883283577007,72.60961462382036,47.41316838439034,84.2996789782705,37.327596630540036,69.09825102198475,58.559625128879276,157.7583371467011,48.080517547468,74.09523374830003,51.331439549121,40.67409196125932,55.5857984608519,37.93764641204573,43.72177211156354,58.1267203968941,41.43482571503615,65.8566940792545,50.934239205267524,64.63695459687722,46.09097912125204,47.85619907153649,71.01821363309922,49.52728395808215,85.68809119777323,59.33808945771971,52.74318899013382,47.21265993613228,47.13938273332523,75.64452523371223,67.2664041975483,43.68916654334046,51.00941619255591,62.06652728527849,55.230662624255146,50.1763153883405,47.1398631422743,48.023712884393035,73.32229842086653,48.26530175443193,61.993029172466,64.50727824932814,58.351805450276665,153.7806850241712,46.09066232396549,69.87566991912777,60.68638148337973,46.038775691046105,82.72894671001286
2020-01-13,102.93558022279746,45.754054174128264,46.611987788114114,57.47683774258078,72.67402535566212,66.42844457519543,42.16607541768662,57.65414700469635,34.39107262216196,71.30790175850376,58.59368799174481,131.9636131386646,45.75623259666614,69.17415768733704,50.33113746544983,38.56604031755194,55.31455542555828,40.15129547160115,42.83520256333133,62.06788811345287,42.29514303480667,63.77412866815178,49.31177951831053,65.41221376994785,45.84937271195052,49.50191002420043,62.272999508664256,48.92794089645246,67.46086021846256,56.5874905138314,43.27299478873154,51.16031368941536,51.000915373414884,75.46829030639988,68.61597641196133,42.577248123972524,48.02321547383992,66.66442052759281,51.61155842836659,57.79731273896208,40.99197003454675,46.75840918775487,59.63799484115075,53.468609287127556,61.00675898611758,65.3704011060194,57.511661511166736,120.33001774052009,45.74170008532346,69.93914004076964,58.138805100406046,37.00965447707956,75.90502519003024
2020-01-20,0.0,1.3696789231988646,0.37736113659633325,11.452578097600105,10.99703226463652,0.7562601194513595,2.997402907358347,0.2939606011110982,0.0,2.539224145049781,6.315536513645354,0.05675492110215141,0.0822321215697553,0.0,7.100764586845973,1.4627286996421553,2.089964422063346,2.529361575318493,5.691406313476631,6.152046322519075,7.679682942641989,3.150043921373334,4.907904577232776,2.349304367149384,2.9459685423259105,3.3471263061071754,0.0,2.8915130977160772,0.0,4.753870600900978,1.2864676690063284,0.5802186058301941,0.0,4.529461204228968,4.975422815456546,2.8028616068562946,4.643483733039985,0.5734613582035383,6.311172427502295,0.7360825674990689,0.11483703407750005,1.7561771035039972,0.0,6.940571961627775,9.58835449684071,0.23417873505105266,1.7892507374575373,0.0,0.0,2.766329827926969,4.129952097115938,4.884996728640763,0.0
2020-01-27,68.16826229946636,43.48236968172404,37.366732008390926,50.533304407777976,61.36775290689447,56.648665574175276,37.552429588253894,72.81084010290914,37.997532379918404,62.28685989571062,53.747185824187234,120.24547821541117,44.41810255855466,60.918100830855906,46.71915095341034,35.527290459513004,61.498542451358425,35.23930280731443,34.46772396467233,46.90470457257085,40.74099903285347,56.75883266284164,51.172556152173016,59.83870186536831,51.83506275279682,43.93549182238377,61.60533781440138,44.414192193060096,62.40070374070348,54.215181530463575,43.291554138383816,45.024879794568186,41.04176294066528,70.93105767049896,58.16918472725813,39.03296180212856,39.29366247987014,59.02062925112825,47.134339122659675,49.5132164109062,39.85060536831933,38.31035764062303,59.41110899642843,46.31680052742925,52.97908408997822,52.39766070604746,47.234031897621804,211.61630659302114,38.7792120181668,61.173765452864956,56.16223250816182,40.46668868006422,78.7520321455185
2020-02-03,80.47620350599848,33.08493203826984,35.56155222356912,41.53349585713909,57.45475811991639,50.14847873320346,35.88659972351808,56.76378912517423,37.385403222085806,57.5851349619684,47.95356916895662,94.04561457072772,37.11193274202404,58.67539796698844,41.66801561066207,32.049017984098825,50.469228904550334,32.864864165200316,31.77876098272849,43.45209964241006,34.74330002391673,52.189846525090616,47.8390973044607,56.131752921609184,44.09973425688799,35.68655937282196,62.387719467665654,37.72589200286885,53.96602659143739,43.207151651206615,39.58292364421363,37.06383229234972,38.6167063506732,67.0639722717018,53.300844034969614,32.18260942850005,36.99840007525659,58.077051339529646,41.33518415303475,44.50929242502935,30.722086623287858,35.90239986857512,64.64872880136397,36.424863146579284,47.632515536691955,49.24272435315323,47.426924380155064,117.84999337416185,39.72007864386732,51.61418203223395,47.30360710542706,25.335135809515503,51.3614929372414
2020-02-10,nan,nan,nan,nan,nan,nan,nan,nan,nan,nan,nan,nan,nan,nan,nan,nan,nan,nan,nan,nan,nan,nan,nan,nan,nan,nan,nan,nan,nan,nan,nan,nan,nan,nan,nan,nan,nan,nan,nan,nan,nan,nan,nan,nan,nan,nan,nan,nan,nan,nan,nan,nan,nan
2020-02-17,64.52420857531281,30.013398522289354,32.934669032030186,34.72738598809622,39.867357715040306,34.19964629763896,25.38918354535648,45.60909787836031,25.18325550459475,46.527700624392025,41.99173958226451,72.03699388057669,37.018059819502824,43.48904165216764,33.62505111018963,28.252485109759,40.651460253215525,21.739365451032167,27.642020718213395,38.370110598395456,24.596492659184978,42.31731493241188,38.09793654980253,45.68744547197913,33.75077626089095,36.5387429332344,51.89866382278173,28.49884290535205,40.19715643089536,41.64882987776611,43.680914720469374,29.752908202049532,32.9089937706325,50.46683231835012,40.769649849663516,28.01017679929611,31.993753562744235,42.69733927173861,32.99367377971544,18.264310030443376,22.751127034437186,29.298282640206597,51.70593720623119,31.747933995791815,42.27555506247858,36.1057112344808,35.40078906206026,88.53698875652137,53.85517494065156,42.334994998729336,37.32823729197077,33.797911997917865,51.36799208593242
2020-02-24,82.48461208838661,44.1384112847812,49.1294007267949,58.78175011364807,72.51804878115566,70.52312958056719,52.97921658074057,87.7573401916391,56.80121190094055,74.71272436290664,63.06042619951917,132.94449578411187,54.82126757949134,57.63344496120204,54.63953285497154,42.299474735260446,65.95207993875096,39.042561039530845,52.68726724302017,64.49343263005787,42.01878822748101,60.41878191989193,63.83835900486826,74.14105791142195,49.81756100496386,48.7348995843284,72.07277084747413,51.69098694841224,67.18252118382004,59.26523156680722,70.90077437573454,51.224279007537575,50.379032015034916,73.98661801251421,70.76290711794432,41.71257926227261,48.955737478414285,67.11118153672214,54.82471773953438,50.55577912650702,46.24935832025364,48.32772846632726,79.52599061369268,54.56773009282801,60.03757267009886,62.07744902064466,56.15234462680888,145.42023303377786,57.5692609257389,80.42933561412941,59.00285219644526,43.08388203280784,80.22735237371509
2020-03-02,94.06618821406076,45.98610562567733,48.093928889064664,58.58685638041391,67.09202404996766,66.46270948809949,46.322852029416104,71.22139704762924,47.40706914065903,74.31388843781534,57.97255107010715,137.53761290966455,55.144548919704484,65.36544187732791,57.015964675728995,44.58435219614224,58.525154717196784,41.76060972563302,40.28809018968132,54.862224202200146,41.202282393155826,55.865352976576446,62.86485497403544,70.06240532102656,51.535457545244356,47.36625897660457,90.58415207896985,52.49211795553101,66.70960054086298,53.40643358618695,75.75938012089772,49.22262789846182,47.797759703611014,80.13611556078769,61.67571220612814,45.1713633606123,45.35702857879913,70.24391240780592,60.52293807166642,55.96211056673189,50.49903404161003,47.05451675683345,70.72327473381257,52.07881399171573,59.31016391949028,62.73409711736675,58.68437283778863,141.77600458221042,78.22275326267057,59.961194754542056,55.416187751808145,40.345489116196774,71.13884945218685
2020-03-09,63.66157863353869,45.600079585083435,42.16509486169946,60.748060906912485,55.31541971422645,53.48465395928654,37.20607724081976,57.52605094276896,38.09913484888044,66.37064231087099,59.66121137707248,144.06394982313992,55.497010263366214,58.65993007478193,48.77979914089226,45.140136451262215,58.05964478897198,43.00971787544557,36.93636275548576,45.39821368479233,32.798759818550124,52.44697628253115,53.55192229243558,65.82662636576107,45.503397613008694,59.63410638336447,68.50502099552334,47.79220876356452,62.16325714657655,50.968574121904105,49.50394076435756,42.374774539930016,44.885081390145864,70.05903290645969,52.730304218196096,45.315782016910696,45.27145347287265,50.84781789684201,49.27339701727188,46.29970144347028,41.09489069745254,44.81583474573083,84.30348187534626,53.08257876510531,64.5778341244549,56.946662356502166,52.122318427157744,87.14596773144899,44.83485613516839,47.912275461474636,52.11470583636034,46.94678291822846,65.13050920158561
2020-03-16,49.49960243026559,36.63169673261098,31.931938741920952,37.04711536279776,42.502508745007994,38.9720734261236,27.20318133119525,36.23506231418084,25.748943477993063,49.68924387544893,43.21679347258729,104.90921243022296,44.892787465513486,52.33821708976661,31.940320954627644,34.1121789009924,35.09282144479348,25.739660806800455,32.53367143141552,32.49352715770513,24.686678496262825,37.30028665009033,33.278354191064224,35.67076268284285,35.322444306033596,37.61193882394239,56.94713661944298,31.25794290527191,41.224120825616275,30.21417073907122,37.78868257970926,25.998517538559756,34.766689827897,53.48896160141239,39.92919181714106,27.38747930601655,44.26871103450482,38.785056267843,30.114185366931252,33.207273329489716,30.795351611645764,29.526597222100584,39.631860528083536,38.204973035772255,43.962073170355055,41.136684560226875,31.478267418497968,95.40865301933694,26.580422429246287,36.15588513777503,36.96547182436888,37.3211603562798,56.06445197772324
2020-03-23,29.09639571545562,24.808867938796322,24.673015071262355,28.92427973347251,33.70284366742675,25.170930377491636,19.576887289657485,22.106616862264907,18.018849783921713,38.018072341503895,31.216440724809935,88.6442156524112,21.222308303808653,38.87165722285618,21.42029732627328,18.06784689835964,23.613924251739164,18.250793216369445,20.231384514582835,18.2636921971931,17.99710505996346,24.274166341992135,24.601439773655926,25.19181580524823,21.663167877277363,26.386254002064256,37.22565265686366,21.0878154230283,28.681464672675357,25.913696011394826,25.468254708685688,18.027905769904173,30.40288043859627,41.0583907235355,26.9290360071322,17.443736300682286,27.351366053538335,27.445232351948903,21.482275981796267,18.94107919264758,12.448175528244196,21.72399571767657,39.053700409193546,23.45580280651631,31.13497051969934,24.53314995611942,23.672766833795006,28.3127591195663,17.356380994737947,27.860169590029418,26.34506514336462,19.75769120556117,47.92602626025046
2020-03-30,29.7762463797131,18.589998369320476,19.46839684936611,17.83831620739152,27.9327960576841,20.13223614599938,13.368324317258823,20.316595906325166,12.883225145717487,29.25132749130749,22.47838943001203,53.50461162546665,13.998966997308852,24.842870888519027,17.516902851627286,13.426959158266028,19.969017886114166,13.644573905793257,17.01080873638157,15.764586760845019,12.85355574769413,24.50770217132719,17.664357253548133,18.421964075005402,19.01727294214891,20.683630376980457,30.55107868681239,14.75416077692494,21.481535914491445,18.952921694591097,23.54497443477164,11.13639219380742,16.903432590930805,27.7989641857276,20.42402870790603,13.677138383923529,16.593961401798317,26.425027870057995,17.849637437167747,12.104919662260482,12.074465139332341,18.00222468649075,27.3626196606223,18.285765452048533,23.111098324087006,24.278625458081287,19.476811081872185,32.3957805724862,18.087229464603226,17.14221389906976,19.151395608591173,17.247264511312842,29.70227851652418
2020-04-06,31.41020131357285,22.960227487626554,23.67662483332968,20.894984329818865,26.31697321872644,19.911912961301653,12.206854724271162,17.821528205635502,8.997703428973677,27.47053657382476,21.646766650271754,59.01734566445959,14.687972688721704,31.800279163784293,15.619095211417083,15.39632960026244,19.89314051433983,13.47697971128472,16.340421183240576,16.59718315450282,14.734939001202095,16.571600617931022,17.896211671879648,19.90207730862599,17.649085515044206,21.883603392623247,44.26472709581553,18.686000436001798,16.22438823410998,22.07893114748273,13.010580817880326,11.166931863542395,19.76225087714322,32.274999722424496,20.810000204603814,13.35123298217159,18.468703005930887,22.43806044939078,15.915310754007,9.879165042306663,12.20065276834483,17.54088363575831,29.841541405243003,19.98461205872614,24.757824650068628,20.86183292614885,19.110645069915716,1.982773311883949,8.657803035038297,18.404475090540227,18.906450998391247,17.338095442974435,39.46371002126331
2020-04-13,31.53197377724871,21.66092269078707,24.685392860712728,22.502280780993768,30.199657712395425,23.27141387588914,13.939032439130964,17.22706987441226,11.778252517999162,30.971430304271752,29.028954224172285,61.67900126840548,17.446381734311288,32.59930244712196,17.880705018814332,15.801539788146535,21.61474286183034,13.898366399725369,18.841064404961777,16.175837758095128,14.957897625025684,23.35375807298266,20.908159588755016,18.248467412192884,19.778473756669744,24.158447468401704,23.64669178752902,20.457957303546827,18.883972523582568,20.53391014686464,19.527258751838495,12.739115727716731,27.046271021181568,33.03412836852489,23.799421061284765,15.238051277338666,24.619739758019602,26.15937330449737,19.24561017235015,13.373840457274119,10.955870395933891,21.334750352854172,29.915053632323847,22.4524017747914,29.22718779821323,21.276263074929222,23.420598352703678,6.813113086192043,35.06475889208019,18.23716734048896,21.95989192443106,19.50588631566159,29.984611551590437
2020-04-20,31.154346916159657,23.22583276446057,25.440826210492833,22.479331578855597,33.18355667007534,25.04745554340635,14.531522939582437,20.666810506688787,14.928462986903535,34.62883360052026,28.92975915759648,68.95004062791378,16.777145473990362,32.885079787147376,19.76362926088843,16.116035013824543,26.781138495069197,14.257926258284314,22.771842754223766,16.256947254282927,13.499656772090395,21.36506378488361,21.426515541212076,23.984515093672695,20.201820122007437,29.4520695125628,32.661104458059484,22.079700476290135,29.025286269802788,22.479306760704905,17.49601978381528,15.407446699975246,26.781757402293632,34.46808965097279,27.199755968118236,16.26386971767434,28.430624300467613,25.28436792039595,19.840628016436426,17.771373626146517,15.56141058071526,21.742723230970487,36.17423389545233,22.70344949402594,31.365919159508458,30.311892774871765,25.404637482682617,136.895471594187,31.261609925341503,20.53500049526357,24.401533623527385,18.18033914759218,59.93133168635747
2020-04-27,18.258914562215917,26.694356330973918,21.755225401983463,26.622452687410593,34.44389467245204,27.145161649844702,16.822669856620223,18.216160588941758,14.787931765879797,36.98364575341262,30.57200893588402,80.41280593074912,18.80492950679209,35.51798757936878,21.75080515218063,17.10345124693767,25.801542062316365,20.557480719426376,24.209738032044008,17.543623392356015,14.438639408387917,17.50453059102637,24.650386743656757,20.45307442666222,21.212929490579995,33.67276040157708,46.5926535625348,25.430851335577824,21.642981097932186,24.813984113535035,19.248817859034375,11.987225628655894,31.463332913573417,35.19028961527073,28.87754440504744,18.074314438869617,30.886522080590357,29.977514599458804,22.745119144948927,8.571738223257672,18.57850393513658,23.99821048678752,31.936846640122813,26.844511046156775,32.89495252628106,27.704694552700655,25.451476007344144,70.11144358225583,29.538786977928083,23.063060348089515,20.37903144315942,22.01502390573668,43.404328477338574
2020-05-04,35.46171350686505,29.776624304227933,28.862469669722692,28.122146605824287,35.53258601187078,32.290192153526725,16.569384463479604,23.61673135580307,18.060906161890063,41.14738855211405,35.389282863940174,75.24254302571522,21.040154767989574,42.96954341169745,21.872064032648016,20.550190598103093,28.153836794110227,18.51032535661766,27.708651332242876,18.340368307528717,17.787219805237818,25.613070038281208,26.792917418881693,23.80342911467437,23.751969338289587,31.938498842777683,40.729171092181524,24.811092096380435,34.88977771140416,28.9127691169009,18.151528280940077,19.225774215414518,27.98711467676136,38.15929779672873,27.79949732006529,20.022619250643153,28.187732552542425,29.76433200760473,24.330275307174944,17.517328328713628,15.612206171004926,27.764434337504948,35.70964327005482,26.432396078565752,37.53403053020309,28.12751660626797,26.382401604737822,10.878847359202124,15.498534685281983,23.643631833129508,22.894777113645503,22.482255564672172,50.264904414551985
2020-05-11,27.459989366227568,31.715699328128135,26.85751719007633,27.323656725619497,37.365836119177736,30.86528633983953,20.21880278624011,24.32263691107224,25.75525752080054,43.18225082697612,36.6016648854161,69.48490850296345,25.697671714037945,47.44747776493426,22.613398109184377,21.16417908753244,28.222612566899787,20.909780661665955,30.758780037738507,18.532258611560366,16.68337697708564,31.67712095211815,28.511310452658247,22.738141927382546,23.39806388516163,36.005648338169244,54.78935460138126,27.807967470178834,29.899850820938354,27.60376742008484,27.12663254859309,17.77379130439186,26.763009052131903,46.996346371139424,27.841287759197304,19.780462270686844,29.674556925689526,32.12762782637414,26.80181307559376,14.039559119100046,9.953396722958274,25.953451284010807,35.80997008062466,29.30786316977225,37.41972623358199,25.155510743873524,28.68988536436189,93.45949370764347,30.99234184586167,21.420164235983336,23.11356884325843,23.78333053472428,33.449418869782875
2020-05-18,31.96436036763667,31.796480848536504,31.025011096110184,27.134935624811636,37.04841009230838,29.474719891794837,17.382451835646172,23.551557474231746,20.58165921634786,41.611116924781825,36.607683674776666,64.02075162802763,25.049844187911745,37.803300684995655,24.228188035721665,24.924155024725025,34.99851938223794,21.104972111317988,31.479041910743916,22.937879508905336,19.047465982578967,22.524268762754886,33.3183290673801,26.264172705972605,26.718788495326244,35.742264215031724,41.22094846122512,28.412172780596784,34.26484120715746,30.327458416212068,23.195514924192388,18.898531146363826,34.01733016909988,44.74179877308515,32.39415075943466,22.204913661485236,32.95148677720848,31.77791233024547,27.00199722646035,13.751572499318996,12.349798469289109,30.437321787319735,34.37680564041034,33.36961049035669,39.450857166939116,29.62690644639185,28.62303483696759,30.57982887340261,24.68764860112422,26.35831504609979,22.79848011131513,27.167999171571676,59.476254153345195
2020-05-25,37.18116667154688,38.36468619510814,31.441801528046074,31.41869066175053,40.17073693944056,31.332361687015233,20.09276847971618,32.571393298413305,23.597690242729207,46.35462795123069,42.08043746832185,87.65263401176011,27.744081117778865,41.56892824939475,27.684710483706784,29.285923603894606,46.42083224453569,26.87502478814693,35.040626059865986,22.62636785232051,20.11313048787373,31.576910246451973,36.82280131701145,26.22881074081199,29.926415297365388,36.92783633756335,51.070029350530405,29.921242943988346,36.48475400797171,31.98535443447938,19.555459696825185,24.2480264169593,32.84078572100983,50.89548020973406,33.49123454240978,23.34854654419721,35.75796126151322,30.12482808262815,28.131541783306616,28.3254752122169,17.82394078327234,29.831421728776938,46.671652931090605,36.31596883132643,43.63367016617463,36.461281203542946,31.32172476838721,31.281382588363815,33.044084894323255,29.958468781344223,28.24483244644393,32.14915387188711,59.88990558702133
2020-06-01,38.46280008043075,32.67157351163969,31.69795173913566,30.750241707987218,35.31800630129209,31.105455562803684,19.192127572377395,26.49519957093254,24.55084777733846,43.11964935739164,40.27124854426526,74.49906233529263,25.60687785815705,32.20527290760223,26.40945841409051,27.468519841565318,36.968283025423744,23.531785295947845,31.98705065335566,24.599065505410138,21.706757437076295,20.07068746194786,35.209675633571486,24.23098378682113,29.306065099788526,38.455174664676335,42.829607647706354,28.108764066437008,33.31196907182886,27.85016805545576,23.351671622705073,19.380213090666555,33.13749125388169,43.91911903585718,29.254433680897773,24.563961163209434,32.37905196543433,30.445568658636965,26.836780330095156,24.471443461224823,12.861863550053332,29.5142703606436,47.12333142503368,31.111702315464026,40.3779839505274,29.034395490929956,29.275699788867563,70.56676754550514,35.65967466158977,25.028851340199868,25.482642714231186,34.08178288795958,36.909480186984055
2020-06-08,26.733683529787818,34.69863017905939,33.02757531896127,35.296292933955236,41.15124927011534,38.292930679782984,21.324896191888882,33.73751503186848,27.915493732480204,45.865784626516174,42.258367456140526,62.647034318918955,29.48395397745959,40.37370764405614,31.119525950581334,29.33496694982719,44.10215626609198,30.07579897509044,34.4809460592625,23.134593119557437,22.860838316416427,29.21322010113667,37.39273885544738,28.050081112193723,32.124369722080836,41.01172566633888,39.51953696707842,32.84521948268952,44.678532774552224,36.810768180472444,21.940086445433955,26.927499744409772,36.96976069661346,54.93746104544664,34.71405675502205,28.897648292443634,37.907964013879784,34.11758432984344,31.87807722745481,19.947700650470132,19.41502568487656,31.485007344711505,65.37516771515972,34.88984960911623,46.1271617688602,37.08514037623258,35.65814622532505,50.52428858147582,36.940939262208985,28.827117953030957,32.706981261495905,37.538141050946884,81.81326266267902
2020-06-15,39.60842518377222,39.53401112069211,41.23074243418958,36.42721888277383,46.10659566799986,43.758777146455905,22.96288946750078,43.51997284388167,24.6556858008063,48.46604260347341,45.42394184084613,105.44593763362866,31.87876523339059,45.577556357486415,32.60563950372492,33.178253390410376,48.907804059870145,35.95885817584945,37.23104208165998,28.157759127589248,24.513108905615837,29.97261558901874,40.929698355165314,31.590470688906905,31.535820886010626,44.51796620861462,57.59829094759192,34.1254558947706,42.25809599052509,37.960649127152365,23.877981986199124,26.720610673516973,37.85684585940105,58.76501875291766,38.83843584750075,33.82243109873976,39.532760327054184,41.207027739627264,37.766943052597576,22.22085776786454,18.444328285582856,32.23353945308694,45.42980805510952,42.11862307595208,47.77746245442149,36.755803929528405,38.908460533935795,46.17215252621143,35.46692385661508,35.785403097716795,33.459193210306935,37.38147000029128,61.9704454436723
2020-06-22,36.68195939565578,35.785951860506536,37.91319929902177,34.31181846939267,47.442194918038496,43.341433287600395,21.3165215559968,39.64470887341794,21.673946023257262,49.7984482610625,47.93450710782073,88.5782522631901,29.85823424944739,44.468256546055365,35.01954398048154,34.81681958310232,43.295951452721255,37.219484876724906,39.904366484902674,27.159612762093648,26.99906059163411,33.012717563288184,41.92862046279259,33.619981530035005,38.304484230239915,41.103212997331354,50.50871839679878,38.9974754887675,44.001588522473895,42.025309298303355,30.55825877498072,25.553024081115172,38.6236994239438,55.67405800055804,37.87574473396906,32.75175705912629,40.135884645960026,35.70885958607581,37.98031069209998,31.62562838792103,16.087016615443552,36.5047850644186,55.61928645844768,40.7850134885172,46.90137173440296,41.46804858376248,38.437119701016485,60.19358488622463,30.627217252549045,35.81631882295352,33.82738686061289,41.88027236108518,88.67154527042786
2020-06-29,52.12773233791569,43.51838610955399,40.18065018526209,40.29896299492526,52.23107024173293,46.201867701275816,29.972283995717667,39.196742743678925,34.817537519790925,54.25219499541138,52.39173801699036,80.68115941940617,38.89042744920708,46.42423803567767,39.2836975046823,39.882031655306086,50.05767945262876,32.37371644738034,40.63645030070062,33.531114054521794,33.28849725404583,28.820926242877313,43.35526936803968,40.53655020228488,35.223296043702625,47.47162608881811,54.68924718865278,40.0765049826641,47.29858216489454,39.76454805107814,25.806520930300756,29.32516367497783,40.43522165699887,61.54646554050661,42.12240719983295,37.22507410495326,42.18495935977517,43.57875675224876,41.973153094032874,26.812906890780788,22.03591948625395,36.39774434704398,50.37197023019035,43.5575686941327,49.89422321960006,47.29550396302234,40.54257713475235,85.5689253087442,32.415087063333345,39.433616740973086,38.036952255613926,38.84880215987895,58.08834901363943
2020-07-06,48.185196047654344,39.90918713398124,42.17433759948431,37.49741391888737,49.23062912206374,50.88458678781127,32.31967617910438,38.222574274428254,32.80237201411138,53.85091588517408,50.884267859194885,109.60036398033827,36.70107385220813,46.21256523707862,35.51069818345449,36.159249863723915,48.63636363279654,38.963653107794386,41.19580836178122,32.81810922719641,31.057922979093572,27.127303018295592,41.234256986474875,36.50900069121057,36.65322049183966,45.12838910702575,46.671312444124105,37.63209002825264,52.11805062361443,40.65580573729552,29.892767860586478,30.06141136031559,37.9822568311383,57.66187788483508,41.36841872013455,34.813498186179395,41.71627065244856,43.12216773404948,41.14116710564552,19.234952422340307,20.905509006178328,38.52763231190603,48.13896735760737,43.11245007902838,50.017428031477344,38.05466604011126,40.40949138358858,69.324043302317,39.61198233664854,36.4494929510054,37.782730367103845,42.89127299271546,63.541519507075506
2020-07-13,35.99908156094981,27.233364275173596,27.02963944664366,22.3629442882224,28.089882490454574,29.457104056119338,12.708323452354653,21.017105068733866,26.7898184914707,38.51624874013599,31.63496612022015,42.58864790267424,25.406453420758677,30.332864103114886,23.163919428354227,19.562590729057938,30.920810612943622,24.03549426712251,24.50862591102568,17.70889288199547,15.428897846160318,24.934268631197032,27.420721824206794,21.498756777882164,24.627772826097686,31.430632583869247,32.04681604172205,21.31212704506025,32.054780241915864,29.919564147812864,16.6502480049837,17.339752304834814,21.48162397770189,39.88555351591434,25.356180540800334,21.68068382535628,25.61810983573314,34.23525329408804,26.814751212531114,14.158812218243622,23.06490733822251,23.688393236168125,35.31951726919995,22.472560864292134,32.609545329501074,27.652852185782447,24.74441505107356,75.39291737986257,24.2346166495833,22.829165644934328,24.50533433048711,20.294638969268583,31.634311810188816
2020-07-20,nan,nan,nan,nan,nan,nan,nan,nan,nan,nan,nan,nan,nan,nan,nan,nan,nan,nan,nan,nan,nan,nan,nan,nan,nan,nan,nan,nan,nan,nan,nan,nan,nan,nan,nan,nan,nan,nan,nan,nan,nan,nan,nan,nan,nan,nan,nan,nan,nan,nan,nan,nan,nan
2020-07-27,nan,nan,nan,nan,nan,nan,nan,nan,nan,nan,nan,nan,nan,nan,nan,nan,nan,nan,nan,nan,nan,nan,nan,nan,nan,nan,nan,nan,nan,nan,nan,nan,nan,nan,nan,nan,nan,nan,nan,nan,nan,nan,nan,nan,nan,nan,nan,nan,nan,nan,nan,nan,nan
2020-08-03,62.82978604994637,37.38323670680111,41.03346566770711,32.49084999921291,41.71036849904795,38.733941387290585,26.479415464075466,32.605818337356695,29.339100982511013,49.815911434872596,44.26393930038509,94.62901492106633,28.001314230105333,43.99082204825518,28.491675079465328,27.565562617586092,38.31636235222932,26.394241684301193,36.43424639758706,26.156463775341923,26.861370379796874,42.15289341348032,39.303297313079256,33.65037299743528,37.26754015225086,38.06480053181098,46.660579302563775,32.685679135204246,40.52290093053003,44.05332455746431,24.072998099306712,26.1026081420439,31.16871479406394,51.832885129139356,35.05745713293167,28.67588040340162,38.60744178540604,34.15815122964389,36.169580924164634,14.052830938814095,18.533689398796604,27.777176792768742,49.5232647335304,32.142312812877655,46.23004003413156,30.643835781771077,35.819753084785354,37.054692217297266,23.506143294359,31.848726717904412,27.89893424014152,31.866750715326134,40.84111333450064
