Dates,AK,AL,AR,AZ,CA,CO,CT,DC,DE,FL,GA,HI,IA,ID,IL,IN,KS,KY,LA,MA,MD,ME,MI,MN,MO,MS,MT,NC,ND,NE,NH,NJ,NM,NV,NY,OH,OK,OR,PA,PR,RI,SC,SD,TN,TX,UT,VA,VI,VT,WA,WI,WV,WY
2019-01-01,85.39656594254598,55.54630833029531,46.06486492972062,70.78131059368565,77.26345513201322,67.13854174629732,40.16228598479975,82.96998186278424,38.7274454600714,77.24543159225887,67.71583391536576,182.79707890981214,58.23925843996472,65.79094039013191,54.44472016983083,55.61705192529891,67.45130274875456,45.609053131434635,51.85853888464797,54.35675991234758,41.19067983232188,53.77430060572794,56.10929829386918,55.02833777940465,47.25586299973928,55.76233483767957,72.75179164071706,48.176278168410114,81.2757734251023,63.1189030016551,54.22829021976552,39.53366848704152,67.26572833733688,73.56773171962708,71.19187048137594,47.60605963717943,54.68714478594803,72.23238921346169,50.18333632323558,53.44373917346822,47.028097189145875,54.08194053343705,68.02769571812581,55.250433705161335,67.32401852364116,73.84181511979486,57.47611777893259,78.7700423121128,21.942322266510942,71.99664248375642,47.94538832762038,46.19056639123704,60.917373053892334
2019-01-07,112.43115340161272,53.30748705717977,46.69180879114603,59.89303386618673,72.18758419181938,63.34276559549335,41.7690653195155,71.67660862933405,34.406027195767685,70.19103057652364,62.43059174576646,163.18839943975777,48.11870645935653,70.32222090462582,52.89067351147089,37.72409751873099,65.06760148762464,38.19118110722005,43.475379800580356,56.74681075276167,40.34972323577759,59.507216825967674,51.26486533211987,61.08762881220959,44.677382694568294,44.73736937260226,73.25626273963708,44.788494056347936,63.6698190068957,45.583760438200365,57.33263229161608,47.410833488277994,50.89237994932457,72.96051144535463,71.70691789782673,42.17646044969333,49.378190270937516,63.6881428696055,50.65398617621976,59.43637105596888,42.52921756688031,60.088889394928046,63.883978798228014,48.44718919820552,77.25505847408986,52.45913636837774,50.92536298354646,176.32449123609274,46.30765212861631,61.820911414241145,51.18876321922536,35.44106412398461,67.36428839738555
2019-01-14,96.08547242217841,37.493079268318965,42.3698286099475,54.838660152477274,73.08225011906899,66.32975570331986,44.219972929528886,66.39035047925618,31.688446095638696,71.81395006963628,61.18562372900997,121.09624719694601,37.507200106565115,66.52235452989187,47.8847440444274,36.87342548737136,59.78997296047961,37.278049290561164,39.27461984548654,56.713223078050646,38.749128785898044,55.64885959909301,49.85485484511206,65.2823444831128,45.12390972819969,46.25587144457741,55.69011705782358,43.95425927273147,51.443067561349594,43.682196029782396,46.170345507295366,47.55234187518302,48.464241159054176,71.11664295885535,72.56500304123193,36.02263828736764,43.39174096247823,59.06189645836444,50.01436428171897,50.37751950341386,58.160738129552115,42.25306153186145,58.32706621543719,46.83576616765296,75.45248616968544,59.405962433592,51.02450193416732,85.88157446435457,41.17202873471578,65.26519602150329,53.75936053135083,37.91910892457929,71.18405919793433
2019-01-21,94.08078562938915,41.366242834365444,46.43135803856651,64.61418270582203,72.35256425772805,66.80250293834335,45.42580296703295,76.2372512116498,35.54658460254792,78.54032435169583,67.40244042958405,130.6970705083357,37.46454962636764,69.84382589329411,50.02368927055113,36.2712558231888,56.31874279171283,38.882389408195586,39.455388793482996,56.60469690543074,42.54435898591082,62.2858194196354,50.30752447498398,64.32273443065921,48.53254598779503,41.63342757131173,63.86661486947108,44.800923541250896,54.761192090818476,47.41930677002393,44.516656574444724,49.7901892485789,48.101953123838804,73.01412344856872,80.92900292261109,38.242871997013864,41.86352103872309,70.90435978886907,51.56799767351485,50.73567296661177,41.86085949837822,42.850844695151544,69.15721492320651,52.61406933559842,74.80303363619642,59.886563727172515,52.280659493351514,173.08553083861727,57.67833540134751,69.3558976642743,53.68076403634699,37.159313235169904,64.19332355774509
2019-01-28,104.97123261035877,34.547160463551414,45.512104026594926,83.92450732890427,74.82949935730036,60.580630819922966,38.94988640419772,66.7211041867115,42.10780121551138,80.33478595764701,73.79733159944645,111.4897047822224,40.083360266134925,60.42856336252675,46.636530533490486,38.603937255494735,52.13635020993724,38.17640157575723,36.92971011773942,54.01222866393556,35.300419542088335,69.97321940398706,45.34766800280775,58.305913212943764,43.13480441396717,39.97445754314237,55.156433996023225,42.607377699628145,47.3901113485848,46.17294586851968,51.471859005513956,44.85876516326181,54.897734514663625,71.23237900222671,90.88948452382982,35.06238801628358,44.05408002803463,65.26317869647256,48.77114121010899,39.52580037865865,44.75846111684931,41.507252956739144,55.638311623996515,48.20266265994626,73.26185892885927,56.476495810812445,47.05391958314698,124.37166499289806,41.3757630963274,62.96057110132728,48.54034711357905,32.211224483451254,53.16461336929348
2019-02-04,83.01942336897253,34.722224679126874,36.60580760520344,48.06534148517749,62.44254677389706,58.854429753787755,38.203133626320586,60.0294181181132,43.44717818757517,64.58956750856282,56.406258841660566,111.44251071253142,34.42138796202499,47.33700610793262,46.031134635353666,32.20258220638941,47.62143279791462,36.85332324767052,36.59475424650133,49.319917595905366,33.45996755156335,53.33714819826255,44.419733436307894,53.54861458370552,38.413854070425394,40.3294686997663,49.9202861548327,40.04975040729872,46.77398204996383,44.07591372865645,50.630228125631625,40.256913113710404,44.69987891069244,61.34009652685624,62.976993570586636,33.377509084971834,37.813996841323906,55.16672250720066,47.91791726005709,36.050411892425004,37.87978580260093,37.543961491253526,46.71125579735396,43.890728584710125,66.32968742250014,49.8132378924993,44.12447313125036,58.543209201110905,45.317612572490575,55.10353038913724,41.97129809620464,31.609673047054773,54.98457230496358
2019-02-11,124.64531438529828,41.080605619711285,41.58680679726971,52.12463649300046,72.5548967842928,63.64719615738527,47.00669548690837,78.70342634827375,40.038023164324855,70.00073460420414,62.411171803992566,126.52783954698178,43.46431033352804,62.15315491872749,53.897350674799526,41.062221029408775,55.25528334101162,41.748778085361536,37.96360474680974,59.34315732875664,38.88414396807877,58.051755903554955,51.20826423831779,57.271901593420495,44.05127676274266,43.73389519084339,61.92723322739307,47.39270698075734,74.24242301244064,49.27557619669017,58.90039285908407,43.06634024415801,52.40935069202417,72.0542947204701,70.55000298569088,38.9320035774628,43.21308540013183,60.744312585440404,50.62211452964846,38.797899986171586,40.11164562775744,43.021106181175846,64.91987168574633,48.784331529274176,76.69056246010352,69.85486843114953,53.08746320009053,140.3564524370941,37.05929800788404,66.28469581119533,53.10402508246571,37.4302929464009,50.04291829344467
2019-02-18,99.69526703561084,40.63757458807869,46.21518747400842,48.798931085907746,72.60072306070033,64.18021130026018,43.19556318753477,84.49888769331352,43.41224482899167,69.60326926862278,62.03369073065117,125.11831775132994,42.116837491142505,58.95171691730513,53.95816265538406,41.75689656287809,57.758644347424465,38.173842240002514,37.28137883459497,63.290266448384514,38.509972515984344,65.72906882144021,55.23651374968458,61.92059639997042,48.548112324440055,42.811891678784136,57.70006622936039,47.86179072166489,70.01932517675417,47.491581503229135,53.20984346451433,46.46569544369175,47.473831818324875,69.32251074628485,78.62632768732783,39.96174304222435,44.46235600554804,68.51701451463266,49.92331608583819,32.221796464620326,57.222433465135744,41.08251923641135,70.25178154640228,49.284312820971905,78.6954417993535,68.48554666997101,51.3327472247865,167.47742003293897,61.99985953955539,67.06281638568387,52.186626293988255,40.19474031656423,73.23760063669778
2019-02-25,121.31075390703718,41.82999135161107,42.38502784447617,54.54837137070714,71.21541825327125,66.5115228983564,43.38230167222582,74.89204208802337,40.30992897943924,72.65461687800457,62.181963468608906,132.5443172454628,49.10997227981181,64.34161091526413,52.29179862712568,42.690847068586706,58.85063996952937,39.55690811812371,42.01266301494004,56.30133452023726,43.19737015460817,46.84249966217216,64.47930336257123,63.092699356123966,46.90377171789178,45.013880007014855,66.07677493093998,52.8287821003763,68.7263681304585,45.014103990585284,59.858015908221724,47.835568402378634,49.15153761735423,69.35278291094791,70.98320203454747,43.22613415590659,42.709748249934414,64.91765332246683,55.608660652701296,33.44282274045324,42.08980377283221,42.85495124624288,71.99600030492972,54.27026423275553,76.9378036594873,58.429143284529374,55.09018663023337,166.33234285617297,69.62061620900475,72.90377799436604,54.09046339968577,44.07582864912072,66.93487277123238
2019-03-04,121.30076466190502,50.06219929269451,41.76386717248605,56.995812234586865,70.23317978822723,64.47777117940554,45.34835209049269,83.17871037603655,39.76074355692054,67.8868790267739,59.69671197636494,124.51865155082298,43.94263102521836,68.42444668285246,50.19055530069651,49.20709083634921,80.44889289467467,43.77196569134465,43.352760544908904,57.65985385919498,41.40204995682307,58.56288999688246,64.08548921838846,62.098912318348425,44.16349331287137,52.046936518132924,59.134957926596684,58.560168250794185,71.09457697551336,60.30602010149486,56.319268818650464,45.016344505790826,50.526208206706166,69.53767444640025,66.5475730163271,46.98710744434194,39.86069774386989,57.852382600944495,54.895756586281415,45.611974557512525,56.32387916729532,47.897564376473866,58.20242428009643,55.804778528453525,78.10447655668182,63.859582576501516,59.80039635261467,276.6458699308155,61.43981835731102,71.35559552292557,49.38858298443356,42.940496296154485,65.35289211806204
2019-03-11,131.4367275985986,60.89834810145747,63.10138425511839,66.5238976843513,87.16742580059756,71.53406731444396,56.5165795852198,107.12608720527477,51.963563743191024,85.99880506103406,80.10683045874386,157.48302786188705,67.21025999121204,71.66671048950515,66.70727190359935,67.81701669061835,98.0220038459461,57.56613633128112,47.4838958137403,73.91838104462506,57.47032233809716,96.14338258259812,64.38669437771401,79.02876225794131,67.15069255357477,76.1920991235539,88.52760950119351,67.12912160848946,85.91830856070139,65.86410702458348,61.24782175794247,67.67267753091338,72.76120221505346,90.72956118539399,86.38230274059269,58.30465565105759,65.38186850424322,74.73477686780797,64.7795861404088,50.27167993242209,73.14862272325475,59.987835891362636,69.89869059691355,71.08618943611413,116.04715578543615,83.09362473928027,71.295106976501,161.94391689784806,76.47295430341192,86.98992843988904,67.56642039475133,68.29046804743493,70.7925399752596
2019-03-18,114.86245761136436,61.350649065116635,83.80140387839198,64.2114900057238,87.96923933380371,80.71512072945025,61.17554734300687,94.41988041245796,43.584141276600796,84.81134025869957,76.09145761802134,159.64220661159115,79.89356243005507,79.7389553209578,68.34212219282514,58.456283470865934,72.15815954687078,45.15533992736048,48.41601599351784,67.60278404369673,60.45423876419554,85.9957190651267,60.782114586866015,79.87262115475676,67.3423759491625,56.46715277608464,91.93487339373524,54.96911968277768,83.71452332425397,68.6702762833838,54.296968821870514,59.2058952738378,63.07675360595336,89.37647579351108,85.19399383816985,58.715840232479785,86.10426471565808,85.94234239042372,58.4691987905265,54.52878676212993,71.65782967896672,52.8557129361967,71.02718458234607,64.1732806939487,97.6934202763295,84.63526570998562,60.49263648867717,183.88950315824786,49.16111668332851,81.66958051726128,81.46827512214126,45.72915176343528,93.66873873698029
2019-03-25,107.17737138236792,56.99549229671246,52.243685131934264,61.49548775457437,90.96331706816328,87.03736660420543,50.175883100667555,73.56909689580364,43.98784271184246,79.04757283442987,70.54960889521065,151.60914045697234,47.65158351884431,71.71584369237223,66.92587474005933,70.87956970815944,70.91444001097295,52.707489593672705,45.251784761914195,59.899950585206795,54.68398021428517,71.0126846450433,68.77042531029578,74.31850261544375,58.93774514800233,53.05489829199629,79.14823037327014,53.180510152622546,66.72895608669685,55.613614501864326,55.972471371209274,51.83154494372504,57.627987168476196,87.04013874033653,79.75289286657033,53.67545585147041,55.83146309643127,90.22125624156975,60.72586448412491,39.12481719839583,50.815102727858104,49.88732930324677,74.09616974140039,58.51865507579316,89.97547349665624,69.83259126683573,63.44471983650533,252.5835436648461,53.885711342146905,82.62426935724635,72.00979768081875,49.35783248991627,81.14193582001359
2019-04-01,122.6571469988772,53.28013281064001,54.932884751597385,63.20558838345047,92.9559636874726,81.31788944285913,60.423066635470484,81.11314697896054,57.82052980387428,80.63578217882473,75.51292064227549,142.45287378161635,50.06799987057091,74.30882761313916,55.51763169089479,58.281788920663374,67.57828215599444,59.149981549820815,43.51064997197111,66.12473023776968,48.140307200234844,61.3516830040645,73.15104529304017,76.12062209824316,51.93994547851624,49.15264661899109,81.24092639584909,54.08063039154247,67.90058950769624,55.46532665644336,50.70403761836337,49.30132892633914,62.91387293904968,91.26414483873765,76.73832445215147,46.25381632706248,51.96326307757548,82.46527842834386,57.17809804897148,55.31753628715756,50.60484130936944,53.149525798888185,73.3600053143724,58.0806885652164,87.82334666899777,79.17108030693934,63.11586879686617,164.51870956941437,62.56288132778296,82.82290193584602,58.27265535480115,43.11618380493095,94.91741530336077
2019-04-08,117.98533764332093,49.63485571627668,48.09836375460273,62.1463349147136,92.09865706589103,78.08580748185429,55.70288924625532,78.3800298175008,52.28133891485373,82.47263383851929,69.70702702471247,149.330694786177,48.313726511700544,70.49972628758086,58.63081097210926,49.47711929058179,67.17073017550143,44.61185588006714,52.72909731246303,73.75704541019348,50.37415614285674,78.88892535284006,63.46866227675862,66.51694548069948,58.418237176654046,48.21006072243885,65.1776384001401,55.257259267688426,62.057930477036905,57.0932089387192,55.71969206544003,55.52603195790133,60.638131644462106,95.26106696876211,80.98339790120868,47.774740407043836,52.85657727397149,79.38117704583783,55.82890581421055,63.7628734745231,60.1696049427384,56.40345520665259,62.863274935431036,62.866754691698205,86.03315792046364,67.24496392535073,64.29465129938573,120.73750158124062,73.20876029538255,89.40501228376557,59.60009330092981,53.2979283429154,65.05073260700402
2019-04-15,115.97389575454991,48.30960057761577,45.16091455053341,60.46530061272033,88.75295875987543,72.7633177281193,49.572192952350534,89.06148023848739,43.671412712930454,78.3856523845876,67.2131306548711,163.89005050991403,50.03766985093629,72.4642646116703,62.01018446660214,44.904310288863044,67.27272163968914,42.517688912178656,54.265769215844884,66.35700276341639,46.06263988577319,60.516995515006904,56.73109943391118,62.472755003385224,50.19730491422415,49.53418188537848,78.04388158857236,58.64398650915623,71.95982282780002,57.31280985272274,53.77682112121672,54.30883092365866,62.56129340466712,93.13149950215686,79.97632129250401,46.19137236322797,51.885325828726664,75.88303362226343,56.80540231400729,50.597443371337725,59.473900574605736,55.068347415400545,71.63520562799559,59.06962043226865,91.97209874862736,71.96415809002747,60.9752634772598,212.93001289691873,62.02229489628493,75.12716752852647,62.913315424999425,50.50264001041973,76.91664016377794
2019-04-22,147.2754775273089,40.95360192907861,51.58612172066272,61.40226123865348,83.4749472889224,74.63617987076825,43.894007479090654,75.97550169041317,46.39063360333067,83.55442220228589,68.63893674504929,173.28332157235286,48.29229555726659,68.86612834318743,58.02194123582769,43.16589814185511,68.2801362124033,41.5279231723404,52.308712360833994,56.26274221583145,54.145708326309865,55.280333196878054,57.222486520979736,58.853044759602504,49.927318869641915,52.396714932042975,58.04580321677175,54.069886507653464,59.713937703500214,51.3797549691474,70.34986629858527,63.172250674383164,62.880980998606255,87.79637444745342,83.77310280112076,46.984036868524356,50.179275189032445,70.63398821440394,57.08273576748977,66.22315704097115,43.958417885646654,48.00589271948376,74.05971174663765,57.00903889284821,85.85558933346125,75.73580879235585,56.07694188767297,217.75378272486643,72.67643785188181,78.13940867616748,62.12064502206075,44.305089507986374,72.0511884088501
2019-04-29,140.3376035756884,51.02999592785518,49.61814169233115,65.43530644764799,84.49942622765475,76.37626522426818,46.796721917172604,77.05062939311671,43.1168237173359,82.90681267646819,65.17584398317233,174.2248641259478,46.777186515482704,66.11422880331907,57.47937238783649,46.94285547555981,70.67914330811621,39.6404133419651,46.61696521425926,64.69082876410477,47.06991540241357,76.36806732529016,57.48236102039215,65.61724732075615,49.95963429747532,52.22975708493943,75.66908236539382,51.38825368194851,63.90581346486657,56.914216932563264,52.667388660512266,53.97060187695955,56.63148110160158,96.07850801452697,80.53687819693911,44.48975001363811,45.50191766457841,69.04186381626235,56.52454800449953,46.953649217639196,56.47372028167429,47.08050510037162,78.02280135017178,58.8580973054226,83.05937521010185,71.8816831520291,56.076012258220516,140.89454734348948,73.52607421343986,82.67632775495012,57.89288076357557,50.98229671073939,68.01933656321243
2019-05-06,109.45488674117229,51.61583432765401,58.78737901468707,69.77993372646006,90.28363282008934,80.91037265727458,46.19200392143051,82.71229243117631,60.83909189636692,85.13726410175481,73.23849891326638,182.0835533351,52.51901650773289,78.06965955078905,58.65937274042227,50.29790595454034,63.68901862009916,46.907411831429584,49.040381255923016,63.97227128311942,48.904125695295456,51.840141991164266,60.62977806434921,67.38992047539674,51.752278876985635,56.236250810864355,73.54871925764473,57.7161395967275,57.73636991120985,58.0135580291627,62.62153046742439,52.99555804599445,64.51232933535616,92.11325015906911,79.25018244742476,48.7069182443763,55.76058569697738,79.38303045189718,59.01821447158743,50.33197091583055,49.022758521028116,49.89109123710658,76.1278603685228,64.38516761870002,86.46853129621492,83.96664501398615,62.21326693174028,215.83037982591102,84.2976106530813,84.67316205061647,51.469692843318555,51.47987339206802,67.47753105827734
2019-05-13,130.9967974637491,53.48845578837752,56.77111994751436,71.11418241336517,89.68762713555371,89.24861875515121,49.629067597484365,83.64371539908208,43.86585685185916,86.82879088148069,72.75650777766053,167.66213722478687,54.14719515783352,64.81683068776397,60.40937241576014,53.24167772829721,71.0283783551152,51.195488233653776,55.72331279267086,63.88892394756225,49.11212362715283,48.859950090806706,62.298258485162336,60.988030544376606,53.623040734779636,57.20625644044942,77.74159249964792,55.685823804874765,69.61571730809861,65.0621062158919,49.87494668574203,53.138190552480935,72.1240658680999,90.10780263752419,77.65350508695678,48.58175293451079,54.04430120053673,75.48665943676352,62.07714235546395,57.723629372276505,67.5802116374414,51.96149934986558,71.32802819570439,61.75005175147642,78.23359703047151,87.0848542342995,65.51045732971649,211.1797865712548,64.4352734683572,86.71305364657564,55.109000958914656,50.59893871729905,75.5386633961379
2019-05-20,113.51859192839207,52.610407199446676,62.38349745050431,73.97400188361398,90.74070408160456,87.6225862926438,55.06887410924464,83.58241221465525,51.374439137347714,87.59013938221192,73.89003198414245,178.46536610832416,52.90344206802801,75.49821941313768,64.30391917878978,50.00982113915286,78.59524385884201,52.368041657264875,58.23442867545613,68.39028179036916,54.25422946055267,67.82701516235704,61.83884409604803,71.64082478863322,60.52834541811136,56.22491053747357,67.21973197186529,56.910341120757636,64.15342674473256,66.17634119887406,53.53034035615076,53.35042017233648,73.49425761324528,89.9678140104222,82.78866195273562,52.1589139598807,58.75998222761743,73.25636396529096,63.830886362477194,47.09569141394892,60.24023079641628,52.46105973947742,85.00503774586916,66.09295301121104,92.30839568337645,86.30615136134907,66.11941875145963,142.3289052281795,70.08180641666334,87.09827593194125,61.407303454476725,60.51230826287627,75.74748031411474
2019-05-27,141.41340884937156,56.18638252809828,61.1085241171578,74.50024457048649,89.0912340337412,85.48648010806923,46.82644456345561,91.81866988914008,34.816900367510165,85.45023358523721,79.24928908174898,185.45022743017105,54.151402816272025,82.86721341360146,61.97092122592534,54.225394502434135,79.22177479091076,47.59459852634778,58.99532896806159,66.15685901682303,51.733133211229266,69.77946674303895,61.242439945863524,73.2681678887219,60.906434795715285,57.780918150030004,76.56771819366115,57.87890677971174,69.16841780010574,62.81745614159511,53.6909866799484,51.23565499325864,69.19458003702188,88.40711317692424,79.60983971764009,52.01733081628323,61.70098063329819,75.47828216157163,59.94503347886531,38.137337054619174,50.916210347418264,49.74323684365435,71.43401164400834,68.03139380808223,92.92060647938226,82.81354800862735,65.42040518248704,179.44691106829572,53.76993292878841,83.49235374454453,60.69583992828383,46.62438513999999,62.200171003689746
2019-06-03,115.26030685081813,49.54413572026422,57.623810615338,75.58042805406406,90.07144895474902,82.59541925901334,48.594273713850725,76.94575124235912,42.30722939087245,84.96943009495715,77.73905296954257,165.06328771008543,58.28009480930703,74.47354440643838,58.864899933612065,51.521499377716026,74.32321307396427,49.34403251092641,54.28353486372492,59.37742892427077,48.94779487363428,72.60446149869273,56.41008889362287,66.6411349102219,61.82082850271835,55.65096601991326,69.07013729335166,55.34321965978048,74.62348503115082,63.537020844715194,55.4650877065167,53.10055931640216,72.04941620931949,92.36143257477313,76.04962427821768,51.86187291354507,62.765001247639525,65.22772159274706,58.76391956831491,49.36974955155132,47.79328988991709,52.14859601114494,81.21807814258305,62.31689239627262,90.02193802753008,77.56054221464147,62.18011483049699,122.09747083604029,72.06762800864527,75.73219622314039,57.53320544837996,56.50231339116527,79.02477238053676
2019-06-10,134.8979386488661,55.352539319569836,57.370744318786215,73.81030717988641,91.19407295413332,83.18826114551541,59.26520123100328,79.50891625073542,41.41214455070887,90.12720529292905,77.12048167892664,168.06325474219335,57.62567709358774,82.75574471809952,61.31932232626234,57.6805678480191,79.47704234286148,50.28944250586452,54.306963431440735,61.655542000715826,51.55788872470673,61.374341691743794,58.84963027342994,72.04818261139614,61.91567300125522,59.65833156478658,71.45891258333418,60.691548970424726,101.75874562308134,70.59786964589938,55.5320360428628,51.5234709417655,71.1307223197524,89.74682903641664,77.23243204651644,52.38361656055172,67.01080047795774,83.9662442361517,60.359783351298525,55.922142903984216,49.078938641909254,56.05011135649034,72.03620160270451,65.77146583204157,93.72950765842926,85.58453111578484,68.22648613701755,108.2835201986619,57.44195988417101,82.94422111213254,58.70068720079022,56.84372981533993,73.046160137909
2019-06-17,132.65314482369214,57.72441340218025,57.94294347291244,79.56558651285779,92.34016393740963,87.4538464868058,51.96572479900616,80.00328521155153,51.01079926791176,91.55085401597997,81.08091263905345,171.4122480523711,54.5416043785739,94.74994789774122,60.54236771857538,56.667544373300366,75.38890265887935,56.105945981201614,57.44836304706694,63.037084941715676,53.42576118751238,64.91466611824022,61.940843828989,67.2553849462524,59.39832487753431,56.20629828845456,74.65900931460752,65.4123547276541,64.81753701604603,69.50056302306679,56.58572329093709,48.60199380563866,71.99450308746756,91.24365812699806,72.75764183736696,56.58010073587116,59.41330737978596,84.17724840504685,61.20560979312442,45.5923678296939,43.264465729844865,54.51109424796869,64.14934674364876,64.8743905019157,90.53963961054316,95.34167657998852,61.909391575978674,202.9275754900811,66.30088527706764,80.82437489648628,68.6177479612021,53.08070493698691,84.06908616486585
2019-06-24,122.51535997146948,58.54055176358437,65.68031956550985,76.44393622663343,91.52925159118466,81.66720264308964,48.87752549831231,89.5991114071941,48.61997127750266,86.52355336079815,78.57681226288027,163.9179803888119,53.64043100503639,79.91859105143581,63.376500836949866,55.15417012925206,79.54899006836712,58.15007532025401,57.01620150945735,62.526990469720644,55.03337353439209,65.95785081537197,64.21617264258857,68.7260730105408,62.39652677359252,63.92001081292985,85.40048172933683,61.516268009488414,87.04650783589744,71.44131510795688,64.27061434985127,53.12887831702908,67.11180336347371,88.37795747021103,72.96213841990557,52.36779203823609,60.29980474032463,84.900948009826,61.64767023690709,58.8530463806091,56.52760263689336,56.546257188214355,84.43713964181913,72.23716371138435,95.73782973367777,85.93972094074726,63.0922777991037,115.2787843267242,67.27497173333532,82.11854552771644,60.439727016347966,56.37093706799051,73.85466556354834
2019-07-01,120.47663101464629,54.635463443371,64.32526259118619,79.92594240704256,84.12679437167782,82.50268737356416,46.17309716537072,86.1051505020646,44.78723884007552,84.53180374938016,76.45825886660027,169.47017463750086,58.932560016193904,78.68552674365873,61.03733520925503,60.66438248447499,76.02931165579398,60.58632423048574,54.01096231132761,64.99008561645468,51.66037126797176,44.27511216984046,65.40156625089641,64.57343195131038,64.81411363144858,60.676099104123914,66.24251462432369,64.18748986632251,71.85762004305636,66.45042176457876,53.259100855969464,55.63067097064386,67.33109818676417,85.78205131586438,71.43378582012272,54.30732026358427,69.43400038843473,65.86034792474902,58.612908069866386,53.57994882853493,43.95884202023377,56.05523146090561,76.95596685007328,71.34233417079473,97.13541269321682,73.77549603087117,65.47576660756772,117.56632047259022,66.84516630771869,83.79124905707984,61.419608975204405,56.24778365771737,84.31076431765102
2019-07-08,114.76506786416387,55.366465480400855,61.38830084942272,77.28654590730636,87.50054087950373,87.52660777204568,48.446990674157135,83.0198611284545,58.37872055809293,85.83452718542955,71.9024317793516,168.42122002174412,56.42054414765466,75.97445822827785,60.76522803520374,56.128844438118826,78.71040576979809,59.76788331058418,52.66885886367857,60.8655773853128,56.835651883550305,57.577679573036406,63.45721003237982,71.72630410351641,59.272726571536644,51.636052536457825,81.47207830435036,64.73605654608257,90.79141726246058,65.09594207942465,45.86523130806078,58.664898545260556,74.26561816969563,94.75778027886095,76.2154477467051,56.04688995461588,66.5588677025595,74.58612620707851,62.450387409759294,60.472049150462404,51.31581808569786,53.54822527126424,76.91878865832207,69.65929402298502,98.7143029284876,79.72806887836256,66.56481091498952,124.97074502913192,73.55421647269226,81.13893392718846,62.13979872664774,60.51464875872246,82.83599853377201
2019-07-15,133.01731402769934,56.60983975048747,52.69887316679183,74.94034136322026,86.34484518660399,77.83049734518485,48.34472581880101,79.05403255102672,46.28454498348549,86.05521202428544,74.1267546539151,165.14239019556595,58.85451546626424,83.8141622843168,62.831550308077404,52.52625164661597,78.54191653890165,55.202737238357706,56.38830489003935,66.52730766033626,54.9817988977409,58.77714275707947,63.80864325180704,68.0838343880597,64.96902374496581,59.88453613830322,73.66177778060545,58.79156400735982,74.09370608457925,71.47525449459309,49.52546950502092,53.40175976642735,67.68238868526815,95.91297420516025,75.33244205026794,54.441128234293366,64.91488831183922,78.39760013564255,59.824800776630134,46.26914120979024,51.95954720571429,56.80322485011566,77.32620188022481,70.21232126421484,92.89848793487636,84.06579108852718,67.05562287514515,27.625375111089458,49.51757122203801,84.25179867025324,59.40008714081289,68.87476445632952,86.63593620710603
2019-07-22,118.38760704934685,57.030318528106086,66.85758001843278,71.55469676450893,86.62305827333057,77.48640507918046,49.87797975850747,87.41354443974762,47.19453766420088,87.61762729450159,75.96628580005016,135.38740705552226,61.19452726585878,80.33915784524952,63.48698354424686,54.58359473675052,78.50116132889167,56.00811448333534,54.44865227324073,62.089696855753544,56.050171030454884,50.716578385573065,64.7518773049338,67.63007269938178,66.17042454656975,58.134686222927144,83.61727532755148,64.36672213260752,81.4144511135036,70.45517484704253,58.01615184984487,55.22562047971094,69.11891874423324,88.03514423914297,75.54152848881766,54.22269747575673,63.36410666173584,78.18421407226445,59.01023715946802,52.02687292223618,49.92942641986843,55.69350831955359,69.36607288704104,63.97494310170461,77.90229640559266,73.46252338366585,67.18641061626796,126.70911138613275,53.83746532909993,84.94068103059422,60.575357491320986,60.044160229655475,73.04409370858572
2019-07-29,139.6323048896404,53.686352616838576,58.7204942240808,64.67803965359519,90.6345899170377,80.35627736360401,49.460044413392076,81.42371072935539,47.8092578888493,82.98139480483951,72.58851411942608,160.0121993764955,58.857040944365366,74.12677599001206,63.92321247609901,51.337382178002606,78.35555703512367,53.689476107219996,56.03446060343145,59.11460883659082,55.71982986199721,58.36290854740022,60.998607506495404,65.02833740739848,67.08588689113104,56.63486545563422,64.04689220741837,59.972587192722635,84.26721654049982,63.6819290826419,56.68316362542825,54.73602532853455,68.11869623105471,91.02364467994349,75.08806159462843,49.61288402835011,63.120015555567385,82.88298810533821,60.79601407257068,52.820557310960986,49.789748537343065,57.82745500997551,85.13233253494113,61.32290575485242,75.25216796507422,72.6227911130859,65.60453971321327,122.933458308601,49.72542522028833,84.57201179921,57.952520184899086,57.84085535943393,76.29932959958055
2019-08-05,129.1153226275858,48.9088039119323,57.28720336853218,68.21564173391255,88.30560693390315,80.6937221280029,52.84674387151768,92.74128782778396,48.63068546273381,82.7443964315343,68.45631440300998,156.81289843018106,56.076984189102454,88.17165351379987,59.69768867068406,52.60523965679821,75.80302107083133,50.715555969074494,55.68103837819916,60.5358029677948,53.05584970300701,59.94347776560198,62.66287034407207,64.82230852570488,65.67907859383646,49.359319720977574,83.52557141222431,64.26795774192443,74.1788081719566,61.52331724198657,64.09329594404274,55.173175203142975,68.66451733303965,91.78696296213496,74.79528522232717,47.399352112935816,60.3152480825543,81.80527426171754,63.099260954220945,47.43866406593881,47.236749547713934,55.190904653151925,75.34735888851475,59.75078936832709,73.70323563886261,78.40523898884378,66.47789525494166,154.81337208818454,69.58002400674023,81.71953490186067,56.90133946453792,54.67471062616726,65.66055829617643
2019-08-12,116.86181911183932,45.96737321109354,52.27694501845955,67.83529355059596,86.23315558787318,77.14058910581208,54.74793173008631,87.79106895016629,43.580722129944114,81.73241521077964,69.42235895634694,171.60524234341327,48.19484169802121,92.16116494454343,60.10879076056819,46.35625546296627,66.29591576314961,44.02145149294324,49.377973350450475,64.68240209709423,57.0563846570931,63.64167411175577,61.14026928436393,62.40474387887192,56.24955534737677,56.07832599068168,61.44686398034955,58.65089003945764,68.60680865826433,58.21511959870918,59.80768864529699,58.156367385630325,56.17041227448193,81.58550180774469,77.52837454310944,50.243190271830976,52.144000359277676,75.85775928838359,63.92866326592462,42.27254112856334,58.47073172499538,52.869487365453296,79.23449537857798,56.4881111843416,71.8782565254684,65.06933501437528,64.73285187401908,92.27653622366081,72.64822039269681,77.94530087627928,62.390733541837044,51.458236004818104,78.56517868148049
2019-08-19,108.94001183967546,44.17633478445719,43.66089833755312,67.20979898278723,83.35212315928335,73.04435239811833,51.267326990045326,91.33795474686264,38.971967178672195,79.21496598729833,62.97831208532809,165.5581781616848,47.699331073344204,79.90251422654136,57.92936873168461,41.88213355328966,63.713086644363976,39.77852466747698,45.01971501276663,63.73534753334516,54.47955797563095,67.55362380323777,61.902979830642685,64.75126940758335,49.36965325266309,49.87975192757272,68.75079571396859,51.934891339475804,66.73924736587207,55.212740841633575,60.93218915617252,59.50148906544047,58.439735027356726,82.47106526013,79.82550876756456,45.11462433327961,45.59173556084331,79.82430650009417,58.61017663749919,30.59135358601425,45.62377980493925,47.7755948757418,62.11816755394557,54.605918280753386,66.08708850419812,68.62801272186339,60.467256811429245,195.34326199429273,61.83717549885495,81.81131591651466,57.90438697602473,49.356831709550185,86.95700847648963
2019-08-26,104.14031460229167,50.477656194072004,49.63020749194546,63.80852523616312,82.19193362635768,74.91349784876425,50.36675110776572,82.1433472169772,41.68645352076416,78.12586889848255,64.24556185037574,162.69464038422205,44.97605803772615,79.18842767094664,58.91062745725672,44.70313959402885,61.331170783146355,40.182773867185404,41.95927657824872,64.07247281556873,47.91928560087144,66.40977781943768,55.52701163182703,60.630064434888084,53.72637932295402,49.47349220315091,84.00799877209626,50.00633677248664,68.75601386207816,52.63194131871656,49.549793360075775,62.86631151012209,60.274722399528564,86.54244370307786,73.96484209693708,43.45129447749477,54.18577292678159,79.63394272620752,52.42216751016118,43.05306946843684,44.75394150496871,51.991868173937085,66.10088616482454,59.193372427783224,63.48686028683713,70.41670832955963,57.393037947237,158.42695311499116,79.16391566383336,81.64150448761607,60.64230622572548,38.62013420212386,64.03611900265831
2019-09-02,116.60162700832596,44.468480669159284,56.19699652122888,63.460458611315026,81.29939671367028,70.70093599667408,39.407802897495536,78.74161358152956,51.451730437433724,76.55135656354189,65.32464823017756,144.65877052169986,43.835029134260985,62.72846729526124,53.74341749056077,41.951540187280706,63.49237952889429,42.06683106564432,45.98070468645605,57.118127421201216,42.21798414177426,49.28214001574393,52.44057907321257,60.47800658202422,52.547408626256065,52.394629391361754,78.40715864443298,49.20437196472348,67.71031601108373,51.828385452445204,53.31570755588796,49.37000467902575,57.30089086998641,84.15506264718655,68.46855684341094,41.86937475978869,53.56183141000969,83.20291702742415,51.18221186896742,45.4721467535614,42.18936257560679,44.93914306363234,69.15979261724928,57.590531555677295,62.38410255311209,67.85291106802646,57.97149553611087,240.11077422091455,65.11815518297452,79.08672278344041,51.3684467262275,54.033902988604254,80.04075237152264
2019-09-09,101.48045521842492,46.74794058785677,46.42130352947319,67.79270173235427,85.06797177951252,74.1104301178334,42.4524103968584,75.46960665639516,44.13484401869928,81.31136926441076,64.39657826044292,171.05802260945467,41.699935188800616,69.01764087237838,54.570936866232394,38.943123300381004,67.80047206592732,42.35398432467755,46.02161705195481,51.79310237804941,43.834789131975434,63.40089561285245,53.46099799688721,64.28629722243562,49.6830948313515,42.03374190729848,82.02371957008577,51.57628326105544,49.902131885892544,48.10736658922328,69.27970967182611,53.58610001652013,57.92503687282153,87.29755114755031,68.02191775822574,39.97923304077138,54.42138433187843,78.30594793814662,51.48507197467675,37.78568257628522,29.507080131536252,42.391248375109036,60.948807234595364,58.40390782430592,63.28552508324889,69.02950624994108,53.597136888570375,86.21931784152069,53.332585825585355,82.30909198054013,56.24699884394387,46.773575746117416,74.9733658378635
2019-09-16,105.14849372234902,42.36999342313487,55.03017938752322,62.628225147313834,79.6131828351453,72.64196638921499,45.60730739760926,68.55767822452339,43.100258930313565,77.84711930817794,62.650326114819904,130.0503922966551,43.78908845023995,69.46668986642825,55.526022466397144,42.93454920030097,60.28591065161662,42.7606946540045,46.12650755191584,51.72633084088761,44.53565490808333,73.44052997594281,54.31495803174727,61.99434867162724,50.34857189445958,43.24410201048159,66.25244062495035,52.687826286559016,42.42420069858333,54.660322855441265,53.80695018487243,48.76135429224631,54.07725504267029,81.73338188079603,68.48589381338006,42.03401707427163,57.1264685561781,76.5978355176184,51.93312291329292,36.37546241967174,49.949558060580905,45.20739490276472,62.78964582256206,56.63243972496854,58.93815630182875,70.51845997652063,54.236147561717615,71.07428871961642,56.69255480270876,84.38683888918584,58.1622914062337,42.88294209721126,68.28577715833379
2019-09-23,99.02206455488219,42.66736347099982,48.1871938694592,62.15937660435962,80.71549213802254,77.69045371117652,47.937900500924094,71.74585787215122,45.92152831550482,80.544731448924,62.92407816023732,149.4958737842979,43.686651956804184,65.50068991954377,52.33620535887274,43.0862587111358,63.79303931875938,42.005356709024944,45.36204389729383,60.19713907509304,44.602190197664626,73.11713432298531,52.91987745237332,64.2873395960829,50.43441238377409,48.58793325982996,66.24454705749626,47.97306386852458,67.51039080460708,50.34558855422422,56.138113527365086,47.25379579092822,59.69676402794272,83.90709790761984,68.28474953449754,44.75769630743946,47.62817861772706,79.02736516843532,53.12207375147108,30.427675478232274,46.34188062186835,45.74782042493302,72.11320337679473,57.14383397227574,63.44411483068509,67.24074430072442,54.53706062612635,105.26054096598928,42.386013510932926,84.27927225856583,54.56601146161984,38.52443162360709,59.859503676918436
2019-09-30,118.42742559138378,43.12545664203506,50.334649139161534,64.13085667457504,79.9439046739724,75.08944790876117,41.56866784226689,74.21230356630508,49.69822833008704,78.36211941099249,62.6827279341762,159.66784298891366,45.28623571794993,76.9530746214513,55.22495079715906,44.76180582626959,58.20009546082872,49.77251043801798,42.08939784474617,57.79716960203005,41.664727854150634,66.69561692048345,52.851700553633464,67.56428503612534,50.03541248432897,45.839322305541415,70.22891760652209,53.842621726843284,64.67063934825283,51.90012786417044,48.935858762384576,49.527564758339,57.50207809408409,79.2863521412936,66.03173252458522,41.99929786572381,49.68267354099709,73.73212223496475,52.6052364789548,48.70397125574074,43.53433183620243,45.32864211355453,66.42720558307111,61.28464147116887,62.97170735462211,66.4845731053726,57.57926844459174,146.29503257852812,60.9708382320113,81.84912694033575,57.021338422480504,38.185348518355376,73.73402174305534
2019-10-07,114.96436540637515,50.2523529947694,46.04022342084298,68.51133504238896,76.9213178625031,80.18130323388841,45.0930248453317,72.28040147058968,38.977572335743425,76.37954601966307,62.137147850279916,148.02491741542096,45.31393171538349,62.030812840398106,54.78841481968809,49.52062450635118,58.226628376479795,52.6407187147723,43.72990362170976,57.434022999068056,43.68857554458945,55.70147025919354,55.25657650653028,58.846510733550524,52.34044486326783,49.05184698975118,77.12845027410656,51.98716083797536,63.98022748843067,55.26926280523249,57.94523581498673,45.955161787978426,57.01367432462777,81.87594171600789,66.41851477037459,42.725254474397715,55.7486379066857,71.25199306542758,56.102288122967344,39.02594365254602,58.180754010523536,50.21353448354776,67.88427017893267,65.81834345185723,63.49767583765368,68.77532977972243,57.44339447111805,100.99811341288361,43.08172226671261,76.82099445862261,54.2488494298601,48.1176151409781,62.32361912794861
2019-10-14,110.29316054652455,46.077832850656435,49.827867585431036,63.46741650705292,78.97263620999837,82.03295896417121,44.156891457272266,72.78784634029964,46.57908728311231,80.17729382950128,64.47549039362823,144.99957319668366,42.364109574076174,78.93043011719497,56.20077298450151,50.750246757995136,57.28759309240276,47.65961634071993,50.592027538262755,62.36339970861335,46.04883021481024,64.38833528292531,55.245849296960785,68.54775458531626,56.498622694596705,43.867146300079305,76.13892400647109,56.45026904048596,69.97711822036328,56.580410031101465,54.31379801716733,47.8324020830812,62.39532122836625,79.58560725731846,70.23836868607849,42.86977166237662,54.10019243090639,72.77861712918717,54.47860819093678,43.587282719795034,39.86716428179656,48.72568459014795,65.72336415122162,60.294357165324065,63.79173094029026,79.50371799729037,59.217641179624906,150.27421360895502,72.75921632945803,78.97743490832758,50.903380221692984,45.703094760929694,75.78277745310234
2019-10-21,128.84647264925445,42.51633055670438,48.56441033032772,63.012651987508,77.1605976545925,73.14530348414307,47.34678306582134,80.77053078727702,39.95075831960472,80.01513307319948,61.83063784836655,146.39937765145692,46.165041525890736,72.3257662676175,53.22118477672912,47.245915986399865,62.10549487657733,40.073154778659365,42.82838797155352,57.01543446783999,47.03512791030225,72.10726960763465,54.42667860373093,67.38206352489358,49.411815758835196,49.46256175354017,65.08587448050582,49.95108099360407,73.0168457612148,54.377962451274385,57.03850311202743,45.91585831131866,59.82073304295239,84.24541758754938,68.47027740958137,42.91345514696509,50.15949690826513,71.39085597654424,57.15332671256376,39.02939694604694,46.6619053014335,47.2508376019685,65.06034587126378,53.83201622102846,61.85442933350816,65.8223026237563,57.66892738672104,51.58162361930479,73.43534166489397,76.23438783368643,56.38464580519674,46.206357237730955,66.0754380337631
2019-10-28,124.08201679123067,46.68265122412985,47.88026286566749,54.71366978810255,74.4900455099883,60.9470201519242,45.349622750816,69.67760764750474,41.978075809286146,76.943693107556,60.58767755044678,149.1754204686073,46.30720284246531,78.51463378730577,51.97682243902139,39.53139552937654,56.18509746320388,47.14866871420636,40.496172200479634,56.62545066448641,44.381605237532675,68.07199607936552,52.52249099351715,63.20849398096628,49.30159845162815,44.709357850367,56.87581264389892,48.96062754623342,65.17808756819166,47.687804863063924,54.361234552734814,47.90552894721344,58.87400147012355,79.12934201392514,64.73289490367054,41.7728651091506,48.1530544806833,66.71748798933908,53.582690587307,41.6477101067357,50.20442272848795,44.91825061994687,59.93844716814406,50.88072981570014,61.398429283928756,60.472744196899676,51.25607512874272,60.434988487223116,49.87650044940302,76.8384657059746,60.905754001719224,48.44469289925699,67.73778392975757
2019-11-04,103.1715731367108,41.816773775752104,51.65527389959824,60.67514115389704,76.36411615493627,77.9762166792563,47.34390180536037,79.00000699654922,40.503091319085584,80.08543255972337,62.50581039364234,151.9065087244629,49.3292672401405,82.31957931578978,57.68216026476724,43.71282288717448,63.31560231134761,47.245218665906975,42.72908672521271,61.02745666549867,48.503356172978044,69.87332757006997,53.013220882105585,68.65713724985902,56.41669928917318,46.607575932203076,66.39929546169573,53.409327418905285,56.33858397965397,52.05289004803406,58.772836650014575,54.500810664325584,61.51326660536274,78.00341887464434,69.64726867605216,43.38878433615037,47.88015762019511,67.7993287007874,54.249633232368204,35.246824340893305,46.307089088211924,47.02860927692352,75.26930586896361,54.73875415996276,64.38211130203786,57.385040536995014,61.12775958386044,98.26312115408888,60.59916332421381,92.18104638620876,59.78271946316373,36.333975599360116,75.84992556173488
2019-11-11,125.60499681303628,44.52620285674629,44.27973584198447,63.7817444437391,76.27302520464598,71.08256471395872,45.760556146181145,75.91032178249004,55.84037663481552,78.30220742104994,61.9593625265161,167.25911961746152,47.61923014976102,69.09652022225757,55.33041905999171,41.69853438162912,62.61957760320475,40.29108743369628,43.20206573898738,59.67928049136715,48.53833291541908,52.82992102891368,53.3454529134863,64.72368553279028,51.90092875883378,46.26491214445071,68.93413760362965,52.44619926629357,73.72884352388999,51.23282710155026,59.5126310656202,52.54664250397098,58.26755803929075,78.90207316956776,70.90382210984859,42.03057153463976,48.675812540237864,71.2250935419832,51.54754035101179,54.0666400138492,54.335100004823126,49.041670751979915,80.02081566413574,54.78047590377531,60.69239375526183,69.1040067629427,58.23309203069273,41.63634572796967,74.85661133909657,78.73047465112013,53.192437280715616,42.44500541446932,72.08152941419146
2019-11-18,149.20035830722398,47.54843914615067,49.45723164428009,52.911908127543626,70.3960824970025,74.39646417637191,40.81519248125065,71.11429769574771,42.92224792378312,72.35969833173101,61.20195256806751,128.76849005492173,44.66359883223732,75.7809434581012,53.77500620974968,41.312458469305874,70.44002364577256,40.43206637644963,40.74595507695877,57.883044883052015,42.57415415327766,54.400129639554606,52.69559506369052,61.50372418334806,50.28529967563093,49.985615540557426,53.98448268663355,48.065829106255435,60.83149533173526,55.39857339834479,42.135283827802,45.83299238517826,59.25571780732195,78.64621282538035,65.10492731055756,38.470123894771305,47.79499997605719,67.47210616586834,52.85482711034345,47.16286063656118,46.324601334697874,46.21955567910304,62.31948039711099,54.32705770285992,62.599731844700194,74.60861115769205,56.36721818688875,105.49272853210006,68.22902490030148,73.6047251112659,54.13989046863831,46.268173166987424,91.79356238366165
2019-11-25,110.26830057322687,57.634742796483,57.76363733074802,66.30343583741124,80.60686051744598,78.29433039619695,39.73593996877422,94.96545574590027,47.55606103668472,82.55662860952573,72.0170951155684,129.69747771260427,62.81375981145153,77.3043925048762,59.5461920058214,49.875659157487114,81.01962361211876,46.8453780431118,53.8244936797978,58.76400982001892,51.115710681406334,52.206019306458046,57.79925074026205,60.82859723959963,53.51574601376604,58.31356140090063,61.6560349917537,58.69790939708033,63.46783708418569,57.24764315477988,66.79851474750194,44.85519849793103,58.02941061305749,88.35873483407889,70.5620251570745,47.523432904024006,63.7546280436998,68.82197973483876,56.68001722973879,50.500505080551626,40.26311566444783,52.98005677862541,64.09909178400666,67.22947917012323,75.44464863672488,73.51559490880136,62.654503579385945,67.65786741925699,57.94079348098922,72.07915938510155,60.74212967822431,64.81741647398695,74.89933070404966
2019-12-02,128.70357768020853,48.80995921346006,48.73191375722102,54.961718742123324,74.96157289637658,69.03827789282441,41.47151506543476,77.78937872243868,40.42353064106148,74.94881937584648,59.759047091869874,150.56795529336242,49.194429223670014,67.88754310206554,51.78660603547617,38.70090628400668,53.90291596483478,42.26385228280496,47.45885963148972,58.85900627304135,45.83151261906633,67.48249863526095,53.75679718136104,59.80957660388223,48.429722133673536,52.11272250953352,74.62995314346264,48.02908072532459,60.77415082655194,49.03097366179685,62.144639557395024,48.49851308808659,53.244695907262205,79.84258997734975,67.38905877270227,40.852355710354615,45.20429053379541,65.28428734633125,51.906962808936534,43.68826229275343,39.36627493362304,47.148148925692134,61.09724597130729,54.20187856942803,57.96878781156215,68.55742096556911,54.312528808366835,113.41709536868898,78.374583985171,72.82147544647023,51.71298985550266,46.53955152710834,60.66177402689591
2019-12-09,124.95976355635919,54.228014888193144,50.1727059213308,65.36481793900256,75.5787939344902,78.70782827371681,41.037796508138925,69.18901867988302,43.82587670329276,79.3969008656222,65.4493815305835,147.31619831136842,48.01097126158616,70.25720826150074,56.13995261398821,40.91283060492309,64.1304619426564,41.828168226366856,45.08006192655806,52.84344626282525,41.63008466762715,52.96373085221867,55.2359301964974,63.716815608967885,48.72508103741268,50.49394187135954,77.08985714164464,51.469558348789796,63.181636180744604,50.00219522961191,63.75652686739503,46.38952870357829,59.65206812376863,77.37460323165274,64.32032036408434,48.07127624640337,51.75218243325101,79.42327139754249,51.60583582130124,62.15490454213987,49.19866371637116,52.46888619801585,67.567027686781,56.86214802602329,64.51113493143025,61.987171368964255,55.53013840442718,207.836429715228,52.841944562511884,76.97450647750459,59.36103198140741,39.43401777435339,72.52928145920414
2019-12-16,119.96141946253803,58.32851441072078,54.84180595271827,71.33794325160684,83.20167507553485,86.55886843760516,44.14295279397706,89.32462280901684,54.65330089969803,78.69759736583342,69.31105967176822,197.6845339343316,51.02424501677438,79.97341006462726,59.67666812731127,46.60686163184298,61.07091834902472,50.66126588268513,50.9756869146971,60.11769562929353,47.19803565398046,44.588591436256905,55.91808697360947,66.90785915034276,50.832949482736204,55.482152070607526,93.16427522176384,56.68613441094917,71.50959692072946,55.94726762968228,45.32014507745189,43.59100445480877,62.75292748900633,84.65413966430873,72.26391368212813,48.660834261353095,57.978695789786094,68.91943226650685,53.35635606071965,49.09924634674222,43.841441866820645,53.13088529644444,72.10638690445253,58.96722737904394,68.05526989674264,77.92259610568198,62.09257887232688,132.74627315395816,54.83753252964888,87.37126490630315,58.87898704138618,52.2575922459158,78.51792714459663
2019-12-23,102.21309545570139,56.591501880991785,59.74637155354069,68.46474845201617,85.86873824944489,91.73937446535786,44.01712162452414,101.46732429459809,36.61402774026688,80.02054033157467,67.80066485194793,165.65431648848542,82.6322582944413,85.96806781550575,62.23509204209999,51.31649373817083,73.1141880083359,48.857870576034486,54.1293657250993,62.60606949719812,46.306803688666754,59.408493461364024,61.042175408123434,67.17997740369077,60.81616832749762,59.98529388629502,80.16168484378107,60.82389204477652,69.32208692992323,61.67662835429612,46.81636647702809,43.45673825533152,68.58824034698657,86.46808041979223,74.477149523478,49.32813292185018,65.99352930718605,77.68126360437438,54.194992481799204,42.06182997731075,47.507160502811985,55.63015718548097,63.96525569670566,74.97175138038942,74.60043039036093,72.40916611242521,67.91290256022634,88.92959657097558,51.621429510580576,86.9917729913455,57.417233363653736,69.10041284826794,91.88069519710238
2019-12-30,105.5679315342333,58.66423034837839,57.24360018643571,72.33465078839144,85.11260363309741,74.3731246857151,48.257574642413815,98.07500481579513,47.97608346330372,80.30533879171685,68.67267571073158,175.50955197390903,65.46290336083473,72.28357604011906,60.45179080043981,56.78820872721787,74.55849431786537,55.47925152362946,52.713949892830605,65.42115622448348,47.968720675532595,47.53624512488011,61.24161009804784,68.11583864931515,55.74773116238871,66.06407310390979,94.76907297908252,56.96294220975708,76.82237759665067,60.330062931755,70.01813944195783,47.23958237602451,68.8372401895997,77.6703239006552,73.12561301713059,46.94481833728574,61.57785480405506,84.70953497431917,52.40735803584076,52.183948925526735,44.65966416812101,50.77692343375173,76.1681399680773,66.00358345725263,69.54971974257502,80.91765189810504,65.58883464771417,120.56153936780949,37.83341129143029,81.66953122293093,62.14405384186114,52.41622412716667,80.38822308545514
2020-01-06,121.48496183551407,43.534829214501364,48.177471733481,55.925607938995924,69.7688561311412,73.53183869070739,50.19790522045591,83.29175197852837,37.103952264907896,69.40122728316274,57.95749647348326,155.68796856343744,47.55405864568001,72.11259865089906,51.59749902075147,40.70144820734729,56.06580311129842,36.98503950595412,44.03826400561568,58.097946162735106,42.076044260930125,65.58410846425662,50.11234133628913,63.09432773039837,45.29139718841842,46.66629386542164,68.33863632840489,49.88586011905122,87.93494919667776,58.52299595021924,51.00729005518105,47.1924299738155,44.347068484593755,76.82687772237132,67.68695012671914,42.92479017437116,51.384048315650595,62.067589064639876,54.833112841241636,51.11250044677829,48.09364032414224,49.17744640140787,74.13511665384684,48.64123914247791,62.23621762610178,64.88857758183994,57.31530213951232,144.92935738286897,49.07510654127167,68.85822624448855,61.708518831335816,47.48794139671157,86.69482716118478
2020-01-13,109.34136921739636,45.989989650684045,46.882820380786114,56.8739679017196,72.17459286946091,66.79675237381339,42.21584731770123,57.63555942456573,35.60241376305619,71.28533252272916,58.12802887470041,134.47191617494045,44.87603270351478,68.55859559714075,49.97703505454158,38.645867249959274,56.18936298677446,39.80703315487612,42.90339305449327,61.67183101336778,42.483986782382004,61.59873425303624,49.320895956156534,62.388566425886964,46.04082452784588,49.4795977655549,61.74609106814726,49.29275282514771,66.06207126189877,57.274790288884084,43.21138013279407,50.66384411234866,49.95492914985034,76.30676273375133,68.91903753679762,42.77994269895127,47.4481958366384,66.06595464885233,51.58408100778407,53.1678808091677,39.89089759419767,47.128116366567966,58.59626636055589,52.681849776250445,61.25772199515814,64.97900674406533,56.433485087314,134.94512137052783,48.31336387977332,68.91939970683175,57.900904275200986,38.7261377284236,73.27872285429112
2020-01-20,nan,nan,nan,nan,nan,nan,nan,nan,nan,nan,nan,nan,nan,nan,nan,nan,nan,nan,nan,nan,nan,nan,nan,nan,nan,nan,nan,nan,nan,nan,nan,nan,nan,nan,nan,nan,nan,nan,nan,nan,nan,nan,nan,nan,nan,nan,nan,nan,nan,nan,nan,nan,nan
2020-01-27,65.59313361278767,42.87926892369962,37.933772127466,51.18934961611746,60.82756509562224,57.74294792619563,37.71699038279131,73.36971768265015,38.31920664760761,62.315956469736776,52.66979560447731,113.55751985687314,42.90365144078078,60.08547118801788,46.64675028409174,36.05476801268579,62.98119523259898,36.16114233763151,34.72748985083766,46.59364228168533,40.67047741599096,57.52179649088524,50.98780737586474,60.06603004300493,51.29407250871393,43.596325590550855,59.05898132650209,44.548935421504446,62.2529888615619,55.61369709165934,41.84418373135787,45.32913616504259,40.174180990013475,71.06994116165171,58.150712405866905,39.07961288851364,39.41468421302217,59.28189040175586,47.3055698852068,48.54377079262105,40.27091975398406,39.49251964300146,59.70347540509385,45.8556695523507,52.93640256296456,52.441981914422186,46.6150619436643,162.89931142397506,40.51467021173892,60.76247523444562,56.60806017843398,40.25759364542255,81.08970192041052
2020-02-03,80.15258801946658,32.90056532197743,36.643802443854646,41.63715384152193,56.93826570879727,50.07043596703873,35.474076764036774,56.974893041349155,36.531390871135734,58.03380371181202,47.167169360099216,94.48715614125888,36.859878982535534,57.45097242045452,41.43426340363797,32.516830465338714,50.91056515317776,32.39671603057964,31.977453900930897,43.1032456695993,34.497556821703,52.08778327904441,47.81439214534274,54.5389415454394,44.24579843210094,36.054122162167076,60.95451560839043,38.77077077007563,57.225644419997316,42.50522596386434,37.40287907349338,37.751425363286856,37.16553819399213,65.83644422928354,53.44127419893667,31.79707812988224,37.68858624451996,56.21428168992518,40.81329163646993,42.4818469095054,31.187477088849715,35.8904599251351,65.5035024397371,36.450998759676004,47.7048560447239,47.968381494951345,47.023204048795044,81.92839605883577,42.596129076360924,51.04811723105862,47.73770658664014,26.012579450801127,52.80262600894479
2020-02-10,nan,nan,nan,nan,nan,nan,nan,nan,nan,nan,nan,nan,nan,nan,nan,nan,nan,nan,nan,nan,nan,nan,nan,nan,nan,nan,nan,nan,nan,nan,nan,nan,nan,nan,nan,nan,nan,nan,nan,nan,nan,nan,nan,nan,nan,nan,nan,nan,nan,nan,nan,nan,nan
2020-02-17,73.42797138767469,30.680678755706094,33.68167644633411,34.24102908811195,39.713341531695,34.789959430695355,25.918872884616295,44.25029629637433,25.276822259417127,47.13448528714827,42.22116571612749,74.02215218812319,36.49743332338426,43.76345128428022,33.6751365181068,28.129725236643715,41.19550784057048,22.051252682312402,27.185299226720097,36.86662203627308,24.87219012253942,43.353807384477044,38.32167131406978,45.310979660965856,33.75480313279296,37.75635903194623,50.65534813465704,29.02401834417581,41.07473096917099,40.332417889221055,44.09301623217518,29.574300318114986,30.541566762172003,50.521240020638835,40.66465127723866,28.568133725718855,31.826431910473584,41.82385360716646,33.80896057078429,18.57590228291872,22.947697112240316,29.630240846189515,53.75480523754273,31.490038784331993,42.429802592467574,40.02163643759499,35.66680782782828,5.584350825234727,54.49816517970555,42.78477935747047,36.71350316974048,35.18195121249323,51.41394645741598
2020-02-24,78.07244150327791,44.03937511397639,49.03538727394902,58.48024349479163,72.05153104690764,71.31871385511545,53.383756254412035,88.69805654447401,54.69140121815392,74.07934650888613,62.653650693202515,135.48892794794614,53.59689181133328,58.40459878302997,54.027548516632685,42.48527398781256,65.60816239997389,38.833806254912496,51.40261306749802,63.57548997873955,42.73477351301422,57.28852020436484,63.926989117141915,72.77355396431074,50.178505010141784,47.95080395840313,69.63198594679604,51.192369802255946,67.68343771692729,59.9578311885027,72.33806382333182,51.664357070696454,51.44013054145312,74.00678991100138,71.01047695753155,42.46717478760941,48.98889668363281,65.39338482229438,54.93540704914394,47.60730935888024,47.26840173457988,49.243183298271596,79.17233299829479,54.753861486457126,60.04523875788637,62.48993884985943,55.97237462217157,146.89490447952895,59.28825348282737,78.25663441855914,59.54228958312968,41.14160857898132,80.61814414901146
2020-03-02,91.73365177537931,45.909617008741485,47.56236420614177,58.58060471508414,66.62306085301488,65.5419992949291,48.49356699327086,69.5990932653249,50.30331849578864,74.37556383454096,56.907248726095425,139.32494032371665,53.531938514118735,64.37148193601831,56.422317833646275,45.041747399397075,59.10426972829157,42.04235035960185,40.23728713168104,55.79525680347436,41.81978783200307,56.25714395978893,60.901275123759355,69.32757022982523,51.02323827009499,47.03873065868458,85.85308622200576,52.492268528306006,71.44653245749276,54.243781559905855,70.96204253230506,49.094571839386155,47.7331980200228,78.77650152726326,62.283639459083886,44.577810387669984,45.38608895175772,69.11091491601508,60.12755872307391,52.829309119844254,49.11963936582782,47.97541684886654,80.33411496547754,52.744328777444736,59.4795114207214,63.06784209470579,59.70346194518835,117.445626466354,76.9754483381134,60.148505560731735,56.93658612425644,39.177285413810615,75.32191372777348
2020-03-09,66.36527738532284,45.548404241418154,42.399957199050746,60.80450519350156,55.14685341700122,53.05199649791735,38.22200526250388,56.626889686318265,36.706920923348996,66.37145932097495,59.09456556324898,146.18727697284038,56.0238871485899,59.71902640460973,48.35648264378991,45.746201073256806,57.047143437442166,43.35979459512728,36.57954455796287,44.783585533379004,32.31046568633145,53.85674918330875,53.38613551143645,64.38845784651491,45.28686214769138,59.829632137660646,65.46624989340638,48.2116662928971,63.72985301032479,50.85504755430372,48.25597736150939,42.28940474836688,42.95590163413648,71.03258977611195,51.82591198089453,45.2522346028939,45.36245092666097,51.91063840972579,49.042874981022884,49.39807194025053,42.613533381642256,44.55793339601015,81.88815922550017,53.36291017385992,65.056997702347,56.96452634026332,52.155282628687175,86.8497105032625,45.845821608262504,47.39780431495065,52.14271505734092,46.51184806566516,62.93945515921012
2020-03-16,49.30245948910323,35.993575795897,32.00878734012946,36.20070244338057,42.349192072339434,38.61409319346609,28.04120279500338,37.123955623450385,25.95150244084933,49.61997204342901,43.22129999891955,106.24603817447533,45.796496083092556,53.08281078302043,31.44034559682783,34.30591713839943,36.21536998874353,25.891086199852722,32.44727446608598,32.5825648481054,24.984828482050844,37.97901594534336,32.962189099665736,36.640004626556745,34.772276949152555,38.047022545389005,54.97834945842559,31.024006555104943,38.47929247156479,30.72333372548036,39.0798595048446,26.47239365485313,34.720532010614164,52.74318006537437,40.32427206139679,27.388046824031946,43.41046415023737,39.63805329591859,30.429873464737945,31.893351327285938,30.05744413180139,30.05185094945086,40.17672731082296,38.88877839091833,44.084964130192596,38.821891105179475,30.99050349100012,111.81547387023805,29.055614097813574,36.01515960593362,37.9735031399615,36.549401532010855,58.141127361324045
2020-03-23,27.83696001446002,24.27658073847588,24.80622253748602,29.142948111881854,33.1930286275607,25.18492894149677,19.4302373152358,21.31215789211009,18.299638813816248,37.580021014384904,31.102578357275544,89.1232701449618,20.64707314221151,39.05032791718994,21.38748449156138,18.071402683012735,23.581726906983356,18.732980427035457,20.029677794615132,18.4265289049027,18.436786217785688,25.004894992370097,24.323632709325828,26.104302072562266,21.787442328464085,26.555865579966593,32.873074435802714,21.161577970058293,29.2389524698709,25.654493489708358,25.7876041052588,18.283918213490644,29.516811654940295,40.495118482851545,27.167654530600142,17.23365851339059,25.857193182154788,28.603777044292357,21.506997738090885,21.6761372045961,12.691373642334481,21.044953740651213,38.07412326306241,23.64965335240405,31.232907754350737,24.944277998333046,23.554867966511452,29.37451474909114,17.68567404693342,27.493183754956586,26.55534816677492,19.787978427295435,48.85245477740605
2020-03-30,32.66433384814887,18.654446806540403,19.61839952287932,17.914851084007132,27.4414587504473,20.22364934525567,13.852195599246004,19.746896527559098,12.914940783225864,29.673904801575908,22.174122313492507,53.97463001970762,13.83348965442068,24.1604632783101,17.54266006556167,13.416767519316823,20.169680536496738,14.091082535384325,17.17426072615443,15.855565705442878,12.847530846105945,23.27861372367061,17.607843506796723,18.501538689462976,18.42719900953986,21.116327997235654,27.15595982893067,14.763837733581314,21.789359987174365,17.425098758484687,21.976621228470705,11.495911291597999,16.85883476049886,27.88025979237562,20.48342991172609,13.042281986895985,16.498591797092953,26.308044983858316,17.46129896106889,12.136226425037643,12.943955794026966,17.366498547368362,27.55844014000118,18.24330941222357,23.148220125456415,25.80780602118516,19.27318657018121,34.06186418190549,18.375163329642927,17.045029001810992,18.788763185419167,18.119826023901116,29.872306264986577
2020-04-06,35.221866208960165,21.345146839636453,24.47271931368381,21.38945356856905,25.723511650567595,19.721415844058107,12.100104968084413,17.421131844849327,9.089873693438799,27.577601424092673,21.860728096824143,60.97611705177169,14.81445324945996,30.855129774346413,15.551230909131592,14.687698026254715,19.13404535120365,12.996764633722373,16.9048759476721,16.367220684571166,14.608283376222428,17.053517106248147,17.19938903706474,20.199557069963575,17.694715873767706,21.362259327098805,44.949333834362335,18.362877204112653,16.958298624122687,22.050686358895096,13.252429822129043,11.424001939164286,20.60095646607432,33.59964236894777,20.574977045657054,12.916542339306151,18.808836543379005,21.84591064793502,15.978145089429454,10.008418174020084,10.171250060798963,17.011872890017845,31.234210790021535,19.73933844116927,25.109954779548467,20.549528499592835,19.107023756852193,1.9827733118839486,8.788246603305968,19.090064201464056,18.717843926445706,17.549759693737325,41.20404240584897
2020-04-13,33.69624296164531,21.881696675343235,24.767677191395585,22.460461113700312,30.05768385110021,22.84823947628554,13.710297053013761,16.734949815969,11.742089072839375,31.095682214452662,28.913759308900502,64.45553035677352,17.591749416364067,33.262498062753274,17.86551145627004,15.96513822872365,21.60383960450066,13.639163445440863,18.7776071489459,16.02802464925943,14.644197448465965,23.55426283320871,20.843030502234132,18.36405743857868,19.933258039783126,24.417059480863777,22.138654550871095,20.590152196392605,18.814305016657016,19.92258869388242,20.066481736690246,12.782130222849464,27.793645505362846,33.80814307391768,23.63126743701251,14.5090097601382,24.135007048825006,25.33826795250238,18.96058957424518,14.477060352268706,11.154487579228947,21.078908184147107,30.780711380922664,22.76734883208689,29.000805747450535,21.87031410949755,23.561497800756676,6.633303953842854,36.012278502898106,18.5178162570582,22.168062269107033,20.767241878697188,31.31324176168314
2020-04-20,32.86574620595464,22.966431702598797,26.18289020138803,23.049103503332283,32.84897709215279,25.880370956180894,14.650564790651337,20.960513456687792,15.201495930534488,34.28483318933794,28.2459888461181,65.98592089395808,16.544253696365004,30.972950308306753,20.337143195673793,16.044777273570013,27.307224321028713,14.598195750882812,23.21175317333867,17.259861260953116,13.487009554050664,24.348585911165205,21.006794923494482,23.675415070523954,19.76041232445535,30.07891618209361,31.261818628024233,22.298417548760167,29.792585462715223,22.287875606941192,17.437962872244515,15.337879153548329,27.186050656790204,35.45265579241099,26.670467768093655,15.908476605574727,28.412365898146753,25.055360004568506,19.91686691355546,18.390864995949343,16.91730286818869,21.62194370286314,36.15668209370338,22.544025676511996,31.59447924437863,31.149397392354107,25.100415725668608,139.687365146151,28.46185733863685,19.940878596346465,24.490525467401614,17.82346723618769,59.46882631698391
2020-04-27,19.110536014845547,27.55175450627104,22.492211549856822,27.44167684948797,33.753221466482316,27.15564553046867,14.211579760578894,17.70752312015322,14.782985691015954,36.38865215479041,30.507097686340153,79.83799936580223,18.936630544877413,36.46043051980449,21.842522234525543,17.485286658694648,26.086923929401543,20.404618693568107,24.326544694643363,16.561928245458898,13.969891951060156,17.96071831843208,24.634982943973903,20.670914106468768,21.295946004471954,33.10058280388987,43.99794657461224,25.45918673134368,22.82438042235451,23.69565813229708,22.162743319683035,12.207324021793404,31.967901464720466,34.69988793850642,28.86816664846568,18.588336077198278,31.371451957917635,30.37861379209879,22.734864856537385,8.568778051814421,18.95531386133413,22.94193623788261,32.56009049654373,27.214606067377552,33.0260272808198,27.516964178817787,25.28817850368418,71.47876815799735,29.902705904977775,22.18008517029925,20.554473331488023,22.152685257313383,43.17700470329741
2020-05-04,34.368604441143674,29.483192759926414,29.37692293298859,28.596412049463016,34.92816807697067,31.914021573679836,17.269204266747895,25.857854460806447,18.006887708116363,40.77721923541915,35.05007662947219,72.72720594749134,21.22602453773935,41.1207559956297,21.511782893366977,20.8290767522648,26.537600982240857,18.847736050699762,27.744976717259572,17.60784527542201,17.715582914234894,30.03325571431211,25.91037204402128,23.43111134748552,23.446676748162925,31.958512875863303,40.229009398293854,24.683098423611455,36.80657279557976,27.603705604858586,19.906213755205407,19.190350762162307,27.19745167036409,36.33457056815105,28.252347284058867,19.795882692000575,27.673086487091453,29.598521820255854,24.247637235380708,18.581263479505246,14.798404301646368,27.845467473834088,36.33420713973459,26.716071129192155,37.706424151927685,29.366210081710527,25.97169979685821,13.008130442925887,17.760020641076064,23.026842304948165,23.342290259481214,23.251119443666926,50.84182030451763
2020-05-11,34.77572405931283,31.260881535728135,26.76165406631471,26.310711085773782,37.13146339290971,31.017392480535992,21.043433492401178,25.677834631092615,24.58991133993717,42.5722758434651,36.523902208782545,68.22285224656683,25.459820701335975,46.98959025177976,22.60902054065043,21.313908701618534,27.620097520662643,21.160046736368052,30.430685831509052,18.95657381089286,16.86378893359653,33.065615359966365,28.038271801198384,23.043773391226505,23.50255376636524,36.60449614273597,50.42190563927005,28.072659850957887,29.261388833340536,27.423109845012522,27.903129738274956,18.381983498031044,24.19271850610056,45.37362435063724,28.272360300332334,19.38161959887359,29.387616880942897,31.46257138293669,26.950513721462595,14.09815636406507,9.35534820207135,25.553050016861537,36.98344797283382,29.767854648046484,37.63469017476802,26.302652401977866,28.709476163050088,97.70550709335873,34.60681148395599,21.315175751921082,24.0333759757155,24.02084425023601,35.55191796433569
2020-05-18,35.635555135555684,30.918976458683872,31.47540345670683,28.442087639548514,36.78201710628324,28.597341485246616,17.94712410209557,23.345909517569538,19.587577786785886,41.59801906530193,36.143326342204816,59.97946301381261,25.373889377066,40.02522425231675,24.169360809138862,25.537427676792348,33.908334028167424,21.36520822921457,30.9421016928232,22.82443936416519,18.460349943962605,22.415478596047272,33.210066220814426,26.677664569550604,26.264089541694705,35.758249060433904,44.32861158791271,28.584201103337936,35.2948391843049,30.280934578796778,26.68244988126485,18.40215493909646,37.24465866938923,44.17521483277429,32.63458332824518,21.390198413103576,32.565270915349195,31.960358433747103,27.307041528743756,13.729465008481645,12.414061659257506,29.79460817572027,35.25094898590661,33.884341793682744,39.457220764717306,28.652694116668727,28.36926454084739,36.84454054732481,24.706278736040968,26.594982734870733,22.67383674585131,27.83010377175952,60.81764725093504
2020-05-25,38.473933528012495,38.51022545001082,32.58416438288878,31.41690777746654,39.702959279705645,31.6109727192515,20.57464766346448,32.01775906090685,22.948808208117637,45.621476156224354,41.744809268828696,78.48598991158441,27.008775443790817,46.020193363394725,28.002080624162478,29.576957231789358,45.745053900654185,26.752830186016944,34.85234561032476,23.071407438204538,19.731341315215936,36.749017565346435,36.4350495016822,26.355152653263403,29.653625566848586,36.8839134440377,47.835185047015585,29.955494320617795,36.18867593869612,32.43389102523784,20.0409738863576,25.5868231251111,32.68803477369543,50.834032672009556,33.96753559928411,22.938824084513463,36.02864829202138,30.924707184042443,27.78721976279345,28.335759669210336,17.23690726010806,29.65959379426033,46.98197160237263,36.06730212675752,43.69464191967089,37.08159052812434,31.52432116867013,32.17611757966902,23.397471826131962,29.92353272579982,27.74632843791596,33.638696845086216,58.66169196439243
2020-06-01,42.72682451709396,32.18328970899165,32.295919567298135,31.527505114637172,35.32372323332892,31.55701621687895,18.834449917803596,24.910067461719564,21.971347440467465,42.80266158353636,40.83958066031657,76.24400110378357,25.4755047577888,33.976567741572666,26.216267328169327,27.876830013436283,36.88148937655572,24.154993971323005,31.9840694871218,24.686725543732237,22.1872978454468,26.054464810299947,34.63961125288319,24.614068700678583,29.6750929888374,38.26825471224431,41.145117298293904,27.844787899953598,33.33161168806001,27.265335976248927,23.347405337886535,20.238827965464047,33.147086469495996,43.65629306396999,29.79136925572283,24.457258626609214,33.33395214248617,30.20257122180071,26.53108690177166,24.466355649255544,13.093371907302428,29.80927397320852,48.00774982402665,30.819599235433675,40.239435061209655,28.565664022258012,28.955334011223655,38.19271649277455,38.03375179636985,25.194314168039337,25.808882109420573,34.830552581469966,37.192857487053104
2020-06-08,31.23641801168554,34.064436595687354,34.00164669722792,34.94595673031406,41.049957325118804,38.20252734477271,21.22051915199248,34.54358325397824,27.578690923655703,46.230997168234,42.93593295999142,59.210772936082925,29.772895520807044,40.78217752994391,30.322399240492757,29.024525431117667,44.44366896837558,29.43196170650072,34.93037430024529,23.475714334375333,23.756005428411914,31.52299154684089,37.118903163092945,28.205334075854527,32.98953431974314,40.54209783313986,41.20870540085809,33.49643229139019,44.15566900884377,36.19293713918393,21.39545709383736,28.126979622636483,37.61347336024426,54.35683292471532,34.34366885807635,28.966813536976957,37.52284038216308,33.18615929459817,31.94921747864397,24.18333509237991,18.174760020090197,31.33438063104919,68.74301739598057,34.69833031923387,46.29773846987849,36.89976088422982,35.5137925753074,51.79275848176984,31.55261581893606,29.570699622978307,32.20506819070343,37.66626324627471,70.82854833037
2020-06-15,43.6194861499057,39.25383814473948,40.70528472209638,36.26319865517772,45.373208002130376,43.170376460570154,22.826394669764607,43.81164649569836,24.113176812862374,48.33077683914887,45.802492427279674,105.85794100478626,31.56101116188745,45.271620253181496,31.472598313882855,33.79826816086066,48.46902803348972,35.5693248758178,37.120521016036285,28.805495405365733,25.61559072114848,36.50022872082638,40.64565286418752,31.870256644974326,31.165033510331266,44.74228101737914,57.989599969252595,35.13303089079149,43.55237091896881,38.38436854283131,23.36026283990865,27.159915854910377,37.4782458385469,58.39135612256925,39.406316905860116,34.20168502670173,39.61115956255281,40.584421331433916,38.17448957655974,21.41304548877965,18.44201794173541,31.262906412584545,46.564997014614235,41.568923328145814,47.96378599607636,35.69986796066113,38.86241635360176,47.53079217815835,38.21549928338242,35.99673884041022,33.97375998216996,39.05262413950178,64.4300525113566
2020-06-22,41.07589191170634,36.89579669484599,37.85971376570956,35.00219169794566,46.59447435320588,42.84104611355629,21.87147246672121,42.13295716042721,19.963651720009658,49.41513017070607,47.72189376251435,85.71387753235948,29.099305643312803,44.97201400131772,35.33198321726755,34.48981399323039,44.88801819381366,37.8045313775097,39.500381062565175,27.452842351773583,26.635712457125777,35.04151269504764,40.93927837014746,34.057448836309966,38.15803729578553,40.697845284353605,49.78444962133955,38.32079411502577,42.864761714147015,41.07162720912497,30.751461345400532,27.212667541450227,37.518113186931046,56.537999417884535,38.301487881376296,33.44633053739586,40.46000740043504,35.66435853003301,37.91856226787176,31.85562590957361,15.708568226281958,36.54716443114503,55.90324238048854,40.68438575281527,47.23246249616595,41.839720064863826,38.87469329319763,18.863926260801065,27.943554505592605,35.107154416484526,33.03992333524242,40.855821116460646,89.89648493096497
2020-06-29,60.33643835655755,43.06574634027128,41.38701033946603,41.1460768035751,51.74708020053317,47.06013486905589,29.025518299105045,37.98531815476938,37.409350363010255,53.23980498578062,52.76145739184891,74.85043546938243,38.547405460527784,48.00801519190225,38.950107304672045,39.318770393441234,50.80440765208878,32.73910824043449,40.57504427699815,33.070938980632604,32.38977032837185,32.790198867233215,43.156126731194774,39.914535447931584,35.08759247752426,47.22771095231659,53.69144849687038,40.42850511860204,49.43763052693483,40.07400742860409,25.90312371161675,29.274070243884854,39.87392100351731,62.36306880099011,42.27066641838294,37.17608196809677,42.473566408067974,43.60614015112696,41.858493559937564,26.86368456814242,22.1415241140776,37.035173973883175,50.981491634742945,43.834078242189825,49.9363716820421,47.23233562385073,41.20000361103813,87.35816228229068,32.57880768701836,41.295852430742045,37.08442234218527,36.62927652486572,57.34635929022282
2020-07-06,51.66158416071825,38.867200832663634,43.293062831652115,37.297165814462716,48.941717488936334,52.521223993141646,33.412968375353366,38.27345216570176,32.003561492221664,52.81383024338531,50.441933170000084,110.19890461700986,36.10657875654801,46.496568981474596,35.85857632408177,35.47585006729929,48.261884095652604,38.64038927252913,41.41464047278461,33.79319721471206,31.064755476092373,28.09286326662003,40.263434962910864,36.71294076815361,36.39341753093649,46.30010207699484,42.846284310059374,38.128641879966125,52.95193504836225,36.91590854391793,32.574874501456456,30.922349778375985,35.3207226258042,56.25481595849698,41.8548620390864,35.04924265793276,41.96542414850514,42.72536994451331,40.440941225109476,20.80209720922425,21.661591814455736,37.47724839977997,49.68966622888099,42.75229363391884,50.29409283399664,38.257000813797205,40.44153704858338,21.421300340369775,37.35869753961812,37.70148343451779,37.462333750735276,43.58278310740668,60.13759173335256
2020-07-13,53.23231927840507,27.793981839426156,27.77639172439503,22.119620008029354,28.40986987332882,28.563337629182353,12.624225264438877,21.105483229435936,27.666568944539918,37.46293704046373,31.635790274331505,42.40341192625886,24.257415732889218,30.118313133783257,22.18635796195525,19.621097401376996,30.86973448434988,23.769205297794503,24.200730087957098,16.963088458560513,15.16400898587055,26.020014193622227,26.972605479683107,21.500048049392774,24.788031545155565,31.1195982881959,24.243628815639106,22.400940558925452,33.52675192854065,23.83842279388476,14.835114795517057,17.39156812810352,21.061296614740286,39.97668607030209,24.637934981556622,22.052583338959924,24.754579636639978,36.67742108227796,26.28240029058638,18.982881548061005,22.320343382765262,23.31433636198481,34.505619972378135,22.717363925913453,33.04555358461025,26.458959330310677,24.11507968244187,75.93449781934804,15.406800580150405,24.1898594717255,25.534900209832752,20.60448320441113,29.088043229748074
2020-07-20,nan,nan,nan,nan,nan,nan,nan,nan,nan,nan,nan,nan,nan,nan,nan,nan,nan,nan,nan,nan,nan,nan,nan,nan,nan,nan,nan,nan,nan,nan,nan,nan,nan,nan,nan,nan,nan,nan,nan,nan,nan,nan,nan,nan,nan,nan,nan,nan,nan,nan,nan,nan,nan
2020-07-27,nan,nan,nan,nan,nan,nan,nan,nan,nan,nan,nan,nan,nan,nan,nan,nan,nan,nan,nan,nan,nan,nan,nan,nan,nan,nan,nan,nan,nan,nan,nan,nan,nan,nan,nan,nan,nan,nan,nan,nan,nan,nan,nan,nan,nan,nan,nan,nan,nan,nan,nan,nan,nan
2020-08-03,59.39223026052434,36.270347101010366,40.770037370447994,32.44876058644302,41.50625830622498,40.13625043497841,26.103410174758068,31.79609246198515,26.479024347203953,48.9801492527029,44.55409792026105,101.75822224155296,28.659547701292706,40.47698171366418,29.063020437023404,27.62382415421399,37.709878441653224,27.94915880924358,37.108012703382116,25.38569785915317,26.925954626336,39.38321477691571,39.809314207707985,34.03145449094137,36.81174305855165,39.7261327698829,42.74621928252708,32.805011629943294,43.46345997588166,38.47409672890828,24.172909755308208,26.298287516550367,33.94189495109854,52.50296908362667,34.29060865439012,28.195529544528515,37.91309724450712,33.40488482374723,36.84020345135622,11.204685392840245,19.343912703164882,27.69324228697331,48.30141036075242,31.426906436794876,46.74021077526599,31.320772700263497,36.12663148376449,40.12856538746234,24.423763564150534,30.947115511443524,28.888428059862918,34.35010348835851,42.60756691106934
2020-08-10,64.36254773043284,40.6549267442282,43.951568196412964,39.91396153835299,52.41480176906987,42.002514483490806,29.455929343987272,47.65681484350406,36.82833968141728,56.4702080745622,53.452486944960526,95.67508231295864,32.67706417789109,51.3598311520908,35.59889149066336,31.772755747316015,40.857529400516675,32.955578903081864,41.35637231157779,32.639918423778546,33.01732038304309,44.674760129009336,44.41595054465651,36.325006146855266,36.72780790002345,42.914592588325995,48.0294315528655,36.62581503595159,39.05794139698787,39.06834990320973,29.079993190754774,30.737943866374707,33.82618215250216,61.395778449408645,42.10663500142133,34.000894531910305,40.8614550108443,43.76226616287719,42.44420044567653,25.958049754758697,28.205813486072085,37.06607696685925,50.6843382630234,38.08886142478547,54.84670474289626,44.42456363079717,41.95716746832636,57.3400162771411,37.344890026106235,40.30794860873535,37.48813379349973,34.661637158961014,68.24644020142935
2020-08-17,64.34116832142044,33.32613437551939,34.35685919712156,39.001726752767375,49.69525508589537,41.35750596202606,29.095908066729088,38.454374777968695,34.45756002197596,56.788829995996906,51.67709937113925,81.06419256550244,33.230069453114346,44.741600453933636,35.19431125253843,30.984269224466146,39.2635818303401,29.58977920679868,37.88381989245507,30.799645362555395,30.41928691606598,35.5344467771041,42.1517690743516,41.046753174932654,36.10059060971175,35.950578831883426,54.534270413989624,36.9402621952124,56.14448939770027,34.64822470118402,29.77128715055656,30.99716036422533,41.855655710072426,62.711711919223745,44.85692551103067,34.236129953642525,38.11819270963073,38.90164583831073,40.79272142867703,12.256920742683667,22.55820512608065,31.368926406793406,41.56501820400699,38.87332439967066,51.71654006357764,40.73927477667529,39.948722220465605,71.7351534496645,17.759143482135133,39.20110617523582,36.851684540021495,39.4554965670086,68.71637403422172
2020-08-24,67.6650488403606,37.36251016356743,34.17741426463016,38.42317629876413,51.27118924100366,39.362380087891076,22.94155498893093,39.233381842094666,32.31523523680758,55.40639489059475,49.90275036817261,81.82251171928307,27.80955496021546,43.29518588232645,34.764788944223,28.18190952810724,38.694461062720386,26.56161989983571,42.872852809424884,30.020016902665365,30.961855125854324,37.046036127985204,42.97701518242283,35.971575439828385,30.909297002259017,34.76709330202493,48.56831959878265,33.85114250097483,40.73271418250399,37.630336971175886,26.868887418391747,30.806491824528774,39.88448957052575,64.33793646411677,44.269407355368955,28.290647984265053,34.9219496775108,46.054640185313325,42.65307466587995,31.456615989607556,21.064391633804277,35.60471542974285,51.95086426964312,37.2555516459544,49.65719202705868,41.41318636653648,38.832717342779624,71.5828797364066,18.283867013436154,37.48278050184052,34.405157097197964,32.568922495844525,53.550500792510604
2020-08-31,90.04073913105934,39.25707593564645,42.62152234516946,43.53581268401576,53.01386952393774,42.67571561948056,27.390860899495262,47.42897467408994,31.47165178581579,59.24776882159719,53.16253837619588,92.90293112541096,33.03627723828226,40.53224375945032,37.003607975786295,33.03259858954602,45.976907439157074,28.034232599560095,42.313201696987306,30.915093834871065,32.34026217020984,33.065089019238584,45.837274822175374,37.81190040467336,37.75070491585675,42.304082228394854,45.996464885397785,37.64442226829712,37.969935000703245,39.13444939589723,26.335281267194055,32.60902009632531,39.41804215458482,61.32454106371882,45.8299742395897,34.122104342455316,35.929443090280905,49.53699695192877,42.359676103509194,30.13713203944281,21.372512361384068,35.39074972940443,46.92102643033497,43.04365114466996,52.51840066047387,40.95957985467847,39.49619259778578,78.02199234025358,24.770146487281696,44.26588655840135,36.72491225909329,33.74110578965852,64.06147888144397
2020-09-07,71.1839689477681,43.43390782678232,39.96598656845434,50.270402426830856,54.76940201522612,49.72613385958892,24.229527938395126,49.94961707591764,31.587960319874917,61.705777345289185,54.7399988896047,99.13905918039727,30.830422980736508,51.12713061652963,36.39282178367071,30.81689262907187,40.77739829053106,34.323584629010654,44.994537650824995,29.755120236022915,33.04879991576814,40.85760909639088,40.02837516017077,37.439065998535625,40.15554147635452,41.808180251848476,66.28050997860464,36.148596982008634,38.28382936870694,41.696868614808146,31.31324175429481,28.107269452930712,42.49316248973512,67.25704778163791,44.88670658332445,33.90116860542459,39.946560745605524,40.70956176152333,36.35923868712706,37.50879091882436,22.347365343987683,39.95144632978728,46.04307193372263,42.56027513393635,54.23718862659362,47.028477411251046,37.48174884843713,93.66262506944611,21.643487101629113,41.05918004673361,34.186377140895786,35.24948123014434,60.68300746726344
